Total_carbon_emissions,CSR_board_size,Indirect_carbon_emissions,Disclosure_scores,Controversy_level,Disclosure_of_R&D,Renewal_energy,Environmental_scores,Climate_change_policy,Waste_management,Planning_zero_carbon,Issue_green_bonds,Direct_carbon_emissions,MSCI_ESG_index,CSR_commitee,Water_treatment,Scope3_carbon_emissions,Biodiversity,Net_zero_targets,Govt_collaboration,ESG_funds,GHG_sales,Recycling,SDG_targets,Dow_jones_sustainability_index,Energy_conservation,Risk_score
5840.0,0,1880.0,61.57,3,0,1,54.21,1,1,0,0,3960.0,3,0,1,9340.0,1,1,1,844,152.22,1,3,1,1,33.61
1044.0,0,503.0,72.2,3,1,0,71.94,1,1,0,0,541.0,3,0,1,7600.0,1,0,1,968,27.64,1,3,1,1,24.98
627.0,5,334.0,58.81,3,1,1,38.27,1,1,0,0,293.0,3,1,1,0.0,0,0,0,1124,14.65,0,3,1,1,27.84
57.67,0,8.3,44.07,0,0,0,15.8,0,1,0,0,39.38,0,0,1,0.0,1,0,0,90,7.03,0,3,1,1,0.0
0.0,0,0.0,37.8,4,0,0,14.38,0,0,0,0,0.0,3,0,0,0.0,0,1,0,706,3.12,0,4,1,0,18.94
80.75,0,66.27,62.35,1,1,1,53.46,1,1,0,0,14.48,3,0,0,96.05,0,0,0,1448,4.78,0,3,1,1,12.46
0.0,0,0.0,34.7,2,1,0,3.78,1,1,0,0,0.0,3,0,0,0.0,1,0,0,577,31.95,0,3,1,1,12.97
45.9,0,42.05,58.96,1,1,0,55.78,1,1,0,0,3.85,3,0,1,937.58,0,0,0,1003,3.12,1,0,1,1,20.09
187.71,0,162.22,40.73,2,1,0,19.96,1,1,0,0,25.48,0,0,1,0.0,0,1,1,169,6.55,0,3,1,1,26.19
63723.0,4,226.0,64.7,2,0,0,55.6,0,1,0,0,63497.0,3,1,1,15422.0,1,1,1,325,5309.13,0,1,1,1,34.15
18.36,3,14.33,49.13,2,0,0,18.45,0,1,0,0,4.04,3,1,0,0.0,0,1,0,776,0.67,0,3,1,1,17.3
0.0,0,0.0,36.78,2,0,0,14.71,0,0,0,0,0.0,0,0,0,0.0,0,0,1,315,16.5,0,3,1,0,20.45
25400.0,4,9800.0,71.23,1,0,0,58.59,1,1,0,0,15600.0,3,1,1,7000.0,1,0,1,661,2789.28,1,3,1,1,10.81
0.0,0,0.0,0.0,3,0,0,0.0,0,0,0,0,0.0,3,0,0,0.0,0,0,0,52,60.66,0,3,1,0,29.74
22926.2,5,6426.19,66.37,3,0,0,70.49,1,1,0,0,16500.0,3,1,1,38678.5,1,1,1,254,2112.6,0,3,1,1,24.78
0.0,0,0.0,38.32,0,0,0,14.38,0,0,0,0,0.0,0,0,0,0.0,0,0,0,68,0.0,0,1,1,0,0.0
0.0,0,0.0,32.56,1,0,0,0.0,0,0,0,0,0.0,3,0,0,0.0,0,0,0,380,4.74,0,1,1,0,21.71
145.01,0,91.21,56.33,2,0,0,35.97,1,1,0,0,53.8,3,0,1,48.26,0,0,0,848,2.29,0,3,1,1,19.22
0.0,0,0.0,33.61,2,0,0,70.7,0,0,0,0,0.0,3,0,0,0.0,0,1,0,757,19.16,0,3,1,0,22.23
3367.94,0,3301.39,58.69,4,0,1,41.29,1,1,1,0,66.55,3,0,1,2719.02,1,1,1,1490,30.27,1,0,1,1,24.14
340.01,6,172.31,64.05,2,1,0,59.83,1,1,0,0,167.7,3,1,1,2407.3,1,0,0,270,16.46,0,1,1,1,23.99
0.0,0,0.0,43.04,3,1,1,15.95,1,1,0,0,0.0,3,0,1,0.0,1,1,0,1314,144.93,1,3,1,1,30.28
30268.8,6,68.39,53.57,2,1,0,39.72,0,1,0,0,30200.4,3,1,1,1074.89,1,1,0,272,5213.11,0,1,1,1,29.44
42268.0,5,376.0,55.67,2,1,0,50.08,1,1,0,0,41892.0,0,1,0,237.0,0,1,1,194,1145.27,0,3,1,1,29.1
91718.0,0,12957.6,65.5,2,0,1,58.05,1,1,0,0,78760.4,3,0,1,5974.59,1,1,0,339,3977.78,0,0,1,1,25.81
144.09,5,119.93,59.86,2,1,1,46.03,1,1,0,1,24.16,3,1,1,34.22,0,1,1,1091,2.65,0,3,1,1,18.38
0.0,0,0.0,31.45,1,0,0,0.0,0,0,0,0,0.0,3,0,0,0.0,0,0,0,331,4.35,0,3,1,0,29.09
0.0,4,0.0,41.25,2,1,0,18.63,1,0,0,0,0.0,3,1,0,0.0,0,1,0,663,2.04,0,3,0,1,25.32
2464.56,0,1813.49,44.89,0,0,0,26.52,0,0,0,0,651.07,3,0,1,0.0,0,0,0,1086,114.63,0,3,1,1,10.94
0.0,5,0.0,33.12,2,0,0,1.24,1,1,0,0,0.0,3,1,0,0.0,0,0,0,839,1.4,0,3,1,1,22.61
123.38,3,85.88,50.11,3,1,0,22.41,0,0,0,0,37.5,3,1,0,0.0,0,0,1,751,0.67,0,3,1,0,12.32
0.0,7,0.0,60.09,3,0,0,47.03,0,1,0,0,124.2,3,1,1,102.0,0,1,0,1224,13.1,1,3,1,1,22.04
293.11,0,254.82,48.11,2,0,0,39.14,0,1,0,0,38.29,3,0,1,0.0,0,0,0,526,41.96,1,1,1,1,21.58
132.96,0,0.0,46.37,0,0,0,34.31,1,1,0,0,0.0,3,0,1,9.23,1,1,0,828,56.84,1,1,1,1,23.78
0.0,0,0.0,30.93,0,0,0,0.0,0,0,0,0,0.0,0,0,0,0.0,0,0,1,76,53.91,0,3,1,0,0.0
121.86,4,115.85,48.25,2,0,0,24.65,0,1,0,0,6.01,3,1,1,120.8,0,0,1,1067,0.73,0,3,1,1,11.48
696.0,0,650.6,52.74,3,1,1,43.19,1,1,1,1,45.4,3,0,1,27394.0,1,1,1,1383,3.6,1,3,1,1,16.41
168.1,0,131.6,57.24,1,1,0,38.6,0,1,0,0,36.5,3,0,1,17.32,0,0,0,1221,9.96,1,3,1,1,11.56
0.0,0,0.0,38.28,2,1,0,16.46,0,1,0,0,0.0,3,0,1,0.0,1,0,0,325,36.94,0,1,1,1,26.47
17471.0,0,2859.0,57.05,3,1,0,39.08,1,1,0,0,14612.0,3,0,1,0.0,1,0,1,610,221.02,0,3,1,1,36.4
0.0,0,0.0,35.27,1,0,0,2.08,0,1,0,0,0.0,3,0,1,0.0,0,0,0,390,34.37,0,3,1,1,9.94
0.0,0,0.0,32.18,2,0,0,0.33,0,0,0,0,0.0,3,0,0,0.0,0,0,0,646,8.16,0,3,1,0,21.75
0.0,0,0.0,29.23,0,0,0,0.0,0,0,0,0,0.0,0,0,0,0.0,0,0,0,116,11.28,0,1,1,0,0.0
28.47,0,26.92,41.73,3,0,0,15.01,1,1,0,0,1.56,3,0,1,6.07,0,0,0,546,1.94,0,3,1,1,24.59
7999.78,5,6951.08,67.5,3,1,1,57.99,1,1,0,0,1048.69,3,1,1,5745.61,0,1,0,829,45.5,1,3,1,1,22.07
378.16,0,276.06,54.04,3,1,0,46.27,1,1,0,0,102.1,0,0,1,0.0,1,1,0,179,56.23,0,3,1,1,16.95
0.0,0,0.0,35.01,1,0,0,0.91,0,1,0,0,0.0,3,0,0,0.0,0,1,0,1050,8.94,0,1,1,1,13.97
0.0,0,0.0,32.58,2,0,0,0.0,0,0,0,0,0.0,0,0,0,0.0,0,0,0,112,10.06,0,3,1,0,13.0
0.0,0,0.0,37.38,2,0,0,14.71,0,0,0,0,0.0,3,0,0,0.0,0,0,0,659,18.55,0,1,1,0,11.34
648.77,5,404.46,48.28,1,0,0,29.21,0,1,0,0,244.32,3,1,1,11.52,0,0,0,557,51.42,1,1,1,1,15.35
0.0,0,0.0,34.3,2,1,0,0.0,0,0,0,0,0.0,0,0,0,0.0,0,0,0,109,1085.79,0,3,1,0,20.08
58.94,0,54.1,40.81,1,0,0,22.77,1,1,0,0,4.84,0,0,1,0.0,0,0,0,140,3.08,0,3,1,1,10.2
706.95,0,323.88,54.44,1,0,0,34.28,1,0,0,0,383.08,3,0,1,208.48,1,1,0,686,36.72,0,3,1,1,21.13
1397.52,0,944.7,62.13,2,1,0,47.93,1,1,0,0,452.81,3,0,1,13200.0,0,1,0,874,111.04,1,3,1,1,10.81
918.35,6,836.05,71.39,3,1,1,73.39,1,1,0,0,82.3,3,1,1,5248.28,1,1,0,955,8.27,0,3,1,1,27.15
154.92,4,146.66,54.31,3,0,0,45.42,1,1,0,1,8.27,3,1,1,17.94,0,0,0,920,6.99,0,3,1,1,21.48
0.0,0,0.0,38.42,2,0,0,17.64,1,1,0,0,0.0,3,0,1,0.0,1,0,0,451,27.38,1,3,1,1,15.74
573.0,0,278.0,67.54,3,0,0,62.52,1,1,0,0,295.0,3,0,1,4164.0,1,1,1,810,66.6,1,3,1,1,23.74
0.0,0,0.0,31.68,0,0,0,0.0,0,0,0,0,0.0,0,0,0,0.0,0,0,0,74,14.79,0,0,1,0,0.0
297.27,0,209.63,55.06,3,0,1,44.04,1,1,0,0,87.64,3,0,1,1965.82,0,1,0,917,29.06,1,3,1,1,26.74
0.0,0,0.0,38.02,0,1,0,16.46,0,1,0,0,0.0,3,0,1,0.0,0,1,0,79,24.17,1,3,1,1,0.0
0.0,0,0.0,30.79,1,0,0,0.0,0,0,0,0,0.0,3,0,0,0.0,0,0,1,0,250.68,0,3,1,0,16.02
1414.54,0,1260.89,50.61,1,1,0,43.64,0,1,0,0,153.65,0,0,1,0.0,0,1,0,86,176.8,0,3,1,1,17.2
548.86,4,338.32,53.56,2,1,1,45.97,1,1,0,0,210.55,3,1,1,3131.57,0,1,0,954,12.08,1,3,1,1,14.26
0.0,0,0.0,34.08,0,0,0,0.0,0,0,0,0,0.0,0,0,0,0.0,0,0,0,93,45.81,0,3,1,0,0.0
103.27,4,41.65,58.0,3,1,1,42.49,1,1,0,0,61.62,3,1,1,482.24,0,1,1,1041,10.45,1,1,1,1,21.05
26.59,0,21.54,43.01,2,1,0,23.01,0,1,0,0,5.05,3,0,0,47.07,0,0,0,977,1.48,0,1,1,1,20.57
0.0,0,0.0,16.36,0,0,0,0.0,0,0,0,0,0.0,3,0,0,0.0,0,0,0,489,0.78,0,3,1,0,25.7
0.0,0,0.0,32.46,1,0,0,1.27,0,0,0,0,0.0,3,0,1,0.0,0,1,0,680,1.6,0,1,1,1,18.77
1131.0,0,896.0,42.47,4,0,0,23.32,1,1,0,0,235.0,3,0,1,0.0,1,1,1,246,25.86,0,3,1,1,34.68
0.0,0,0.0,41.15,0,0,0,4.05,1,0,0,0,0.0,0,0,0,0.0,0,0,0,145,56.97,0,3,1,1,0.0
0.0,0,0.0,32.07,3,0,0,0.0,0,0,0,0,0.0,3,0,0,0.0,0,1,0,957,0.15,0,1,1,0,22.33
0.0,0,16.75,32.94,2,1,0,3.65,0,1,0,0,0.0,3,0,0,92.03,0,1,0,370,3.09,0,3,1,1,16.49
348.27,4,289.34,54.14,2,1,0,25.58,0,1,0,0,58.93,3,1,1,0.0,1,1,0,676,69.32,0,1,1,1,13.44
94.95,0,60.87,60.49,2,0,1,52.94,1,1,1,0,34.08,3,0,1,0.0,0,1,1,758,5.18,1,3,1,1,26.33
0.0,0,0.0,31.95,0,0,0,0.0,0,0,0,0,0.0,0,0,0,0.0,0,0,0,136,7.03,0,1,1,0,21.71
374.4,0,130.6,54.02,2,0,0,35.7,0,1,0,0,243.8,3,0,1,63.8,1,1,0,1166,7.49,1,3,1,1,22.83
0.0,3,0.0,37.82,3,0,0,14.38,0,0,0,0,0.0,3,1,0,0.0,0,0,0,786,12.65,0,3,1,0,22.41
0.0,0,0.0,31.4,1,1,0,0.0,0,0,0,0,0.0,0,0,0,0.0,0,0,0,169,8.98,0,1,1,0,31.6
0.0,0,0.0,32.31,2,0,0,0.0,1,0,0,0,0.0,3,0,0,0.0,0,0,0,495,21.53,0,1,1,0,16.22
0.0,0,0.0,47.58,1,0,0,21.78,0,0,0,0,0.0,3,0,0,0.0,0,0,0,749,1.65,0,2,1,0,20.17
0.0,0,0.0,31.58,2,0,0,0.0,0,0,0,0,0.0,0,0,0,0.0,0,0,0,65,16.16,0,1,1,0,16.76
687.42,0,259.86,60.99,2,0,0,49.62,1,1,0,0,427.56,3,0,1,9.74,1,0,0,700,96.58,1,3,1,1,22.56
0.0,0,0.0,31.49,0,0,0,0.33,0,0,0,0,0.0,0,0,0,0.0,0,0,0,74,31.99,0,1,1,0,0.0
184.44,0,172.87,49.11,4,0,0,29.9,1,1,0,0,11.57,3,0,1,0.0,1,0,0,663,4.75,0,3,1,1,22.62
369.0,0,220.0,53.16,3,1,0,29.75,0,1,0,0,149.0,3,0,1,20.0,0,0,1,763,4.19,1,3,1,1,12.28
0.0,0,0.0,34.66,1,0,0,2.08,0,1,0,0,0.0,3,0,1,0.0,0,1,0,545,6.28,0,1,1,1,11.97
0.0,0,0.0,0.0,0,1,0,0.0,1,0,0,0,0.0,3,0,0,0.0,0,0,0,695,0.0,0,3,1,0,0.0
0.0,0,0.0,31.19,2,0,0,0.0,0,0,0,0,0.0,0,0,0,0.0,0,0,0,311,6.61,0,1,1,0,13.09
0.0,0,0.0,31.14,2,0,0,0.33,0,0,0,0,0.0,0,0,0,0.0,0,0,0,72,60.47,0,1,1,0,29.76
2150.0,4,1290.0,55.21,4,1,1,35.28,1,1,0,0,860.0,3,1,1,0.0,0,0,0,877,36.74,1,3,1,1,34.18
71.07,0,25.01,62.86,1,1,0,32.98,1,1,0,0,46.06,3,0,1,18.63,0,0,0,934,3.63,0,3,1,1,6.99
0.0,0,0.0,33.67,0,0,0,2.87,0,1,0,0,0.0,3,0,0,0.0,0,1,0,577,6.16,1,3,1,1,9.14
2827.6,0,1027.1,54.36,2,0,0,39.35,0,1,0,0,1820.5,3,1,1,0.0,0,0,0,484,564.08,1,1,1,1,29.27
0.0,0,0.0,31.49,2,0,0,0.33,0,0,0,0,0.0,3,0,0,0.0,0,0,0,852,1.32,0,5,1,0,20.83
0.0,0,0.0,46.22,2,0,0,27.33,0,1,0,0,5453.85,3,0,0,25576.3,1,1,0,345,1023.72,0,3,1,1,25.56
0.0,0,0.0,35.49,2,0,0,0.0,0,0,0,0,0.0,0,0,0,0.0,0,0,1,595,26.69,0,1,1,0,21.38
0.0,0,0.0,31.98,2,0,0,0.76,0,0,0,0,0.0,3,0,0,0.0,0,0,0,868,7.53,0,1,1,1,24.01
0.0,0,0.0,31.75,2,0,0,0.0,0,0,0,0,0.0,3,0,0,0.0,0,1,0,627,32.66,0,1,1,0,26.53
0.0,0,0.0,46.87,2,0,0,10.36,0,0,0,0,3505.69,3,0,0,0.0,0,0,0,614,699.28,0,0,1,0,23.67
68000.0,4,5000.0,60.73,3,0,0,43.64,1,0,0,0,63000.0,3,1,1,380000.0,1,1,1,535,446.51,0,3,1,1,37.61
235.95,0,132.79,40.52,2,1,0,21.38,1,1,0,0,103.16,3,0,1,0.0,0,0,0,599,39.82,1,0,1,1,24.19
0.0,0,0.0,39.92,0,0,0,14.38,0,0,0,0,0.0,0,0,0,0.0,0,0,0,43,34.2,0,1,0,0,0.0
64.95,4,54.5,55.76,2,1,0,27.54,0,1,1,0,10.45,3,1,1,20.08,0,1,1,930,1.39,0,3,1,1,14.4
33.75,0,16.53,35.21,1,0,0,5.26,0,1,0,0,17.22,3,0,1,0.0,0,0,0,509,3.04,0,3,1,1,25.62
0.0,0,0.0,38.51,2,0,0,14.38,0,1,0,0,0.0,3,0,0,0.0,0,1,0,634,70.83,0,1,1,0,18.81
777.98,0,736.06,66.59,2,1,1,66.99,1,1,0,0,41.91,3,0,1,34545.8,1,1,1,1391,14.59,1,3,1,1,12.07
721.35,5,700.25,60.62,4,0,1,42.62,1,1,0,1,21.1,3,1,1,151.38,1,1,1,904,7.49,0,3,1,1,27.1
56.86,0,0.0,36.12,2,0,0,0.76,0,0,0,0,0.0,3,0,0,0.0,0,0,0,686,6.68,0,1,1,0,22.33
274.0,5,199.0,58.56,2,0,0,39.14,0,1,0,0,75.0,3,1,1,306.0,1,0,0,808,45.62,1,3,1,1,21.08
20120.0,0,7229.25,53.41,2,0,1,43.13,1,1,0,0,12891.0,3,0,1,14186.2,1,1,0,347,1964.23,0,3,1,1,21.29
879.43,3,478.83,61.79,3,1,0,57.41,1,1,0,0,400.6,3,1,1,56591.8,1,1,0,1121,45.57,1,3,1,1,22.56
0.0,0,0.0,40.32,2,0,0,16.79,1,1,0,0,0.0,3,0,1,0.0,0,1,0,779,6.9,0,1,1,1,14.38
617.31,0,415.89,72.09,3,1,0,62.22,1,1,0,0,201.43,3,0,1,54086.0,1,1,0,1152,38.46,1,3,1,1,22.12
0.0,0,0.0,46.12,2,0,0,15.61,0,1,0,0,0.0,3,0,0,0.0,0,1,0,950,20.96,0,2,1,1,24.76
0.0,0,0.0,34.76,0,1,0,5.89,1,1,0,0,0.0,0,0,1,0.0,0,0,0,113,451.71,0,1,1,1,0.0
212.08,0,120.14,48.15,0,0,0,33.89,1,1,0,0,91.95,0,0,1,0.0,1,0,0,99,23.51,1,1,1,1,14.76
0.0,0,0.0,41.4,0,0,0,16.46,0,1,0,0,0.0,0,0,1,0.0,0,0,1,66,42.67,0,1,1,1,0.0
710.0,5,363.17,61.08,2,1,0,70.1,1,1,0,0,346.83,3,1,1,330.54,0,0,0,648,80.53,1,3,1,1,32.76
20600.0,4,1200.0,63.02,2,0,0,52.4,1,1,0,0,19400.0,3,1,1,189083.0,1,1,1,590,483.41,0,3,1,1,34.9
4335.0,5,1320.0,51.42,3,0,1,31.35,1,1,0,0,30.15,3,1,1,33900.0,1,0,1,721,335.88,0,1,1,1,23.09
303.84,0,66.27,47.32,2,0,0,35.7,1,0,0,0,237.58,3,0,1,597.75,0,0,0,491,50.85,0,2,1,0,25.79
0.0,0,0.0,33.53,0,0,0,0.33,0,0,0,0,0.0,0,0,0,0.0,0,0,0,7,16.3,0,1,1,1,0.0
0.0,3,0.0,40.82,2,1,0,17.55,0,1,0,0,0.0,3,1,1,0.0,0,0,0,570,176.3,0,0,1,1,19.42
2358.63,0,0.0,39.46,3,0,0,16.79,0,1,0,0,0.0,3,0,1,0.0,0,0,1,813,17.5,1,1,1,1,24.19
104.91,0,64.5,43.19,2,0,0,24.59,0,0,0,0,40.41,0,0,0,54.07,0,0,0,92,13.58,0,1,1,0,32.7
0.0,0,0.0,33.51,0,0,0,0.0,0,0,0,0,0.0,0,0,0,0.0,0,1,0,860,13.16,0,1,1,0,13.2
0.0,0,0.0,40.45,1,1,1,2.42,0,1,0,0,0.0,3,0,1,0.0,0,0,0,414,139.1,1,3,1,1,9.81
4927.4,5,220.7,57.31,3,1,0,57.2,0,1,0,0,4706.71,3,1,1,181.41,1,0,0,823,385.68,0,1,1,1,20.09
845.47,6,540.67,64.69,2,1,1,69.59,0,1,0,0,304.81,3,1,1,1005310.0,0,1,0,982,35.98,1,1,1,1,19.36
1425.23,5,1218.29,55.64,3,1,0,36.67,0,1,0,0,206.94,3,1,1,72.71,0,1,0,959,4.69,1,3,1,1,22.86
0.0,0,0.0,32.24,2,0,0,0.42,0,0,0,0,0.0,3,0,0,0.0,0,0,0,576,2.47,0,1,1,1,22.06
624.33,0,0.0,42.43,0,1,0,21.56,0,1,0,0,0.0,0,0,1,0.0,0,0,1,134,71.96,0,3,1,1,0.0
0.0,4,0.0,37.6,2,0,0,15.19,0,1,0,0,0.0,3,1,0,0.0,0,0,0,1184,15.29,1,1,1,0,11.73
719.99,0,0.0,46.78,2,0,0,17.12,1,1,0,0,0.0,3,0,1,0.0,0,0,0,530,127.53,0,1,1,1,28.06
0.0,0,0.0,37.63,2,0,0,7.19,0,1,0,0,0.0,3,0,1,0.0,0,0,1,706,26.89,0,3,1,1,22.72
0.0,0,0.0,28.26,0,0,0,5.13,0,0,0,0,9245.62,0,0,0,0.0,0,1,0,17,1507.64,0,1,1,0,0.0
947.95,0,0.0,45.74,2,1,0,19.45,0,0,0,0,0.0,3,0,1,0.0,0,0,0,1137,56.76,0,3,1,1,16.64
0.0,3,0.0,34.77,0,0,0,0.33,0,0,0,0,0.0,0,1,0,0.0,0,0,0,73,649.75,0,1,1,0,0.0
625.6,0,564.6,45.7,2,0,1,34.07,0,1,0,0,61.0,3,0,1,446.8,0,0,1,583,4.72,1,3,1,1,16.22
38045.5,5,263.61,62.99,2,1,0,51.77,1,1,0,0,35781.9,3,1,1,4162.19,0,1,1,504,977.09,0,3,1,1,26.13
341.22,0,326.42,41.82,2,0,0,27.97,0,0,0,0,14.8,0,0,0,0.0,0,0,0,139,22.64,0,1,1,0,16.2
0.0,0,0.0,37.85,2,0,0,16.97,0,1,0,0,0.0,3,0,1,0.0,1,0,1,768,3.63,0,3,1,1,22.57
0.0,0,0.0,31.73,1,0,0,0.0,0,0,0,0,0.0,3,0,0,0.0,0,1,0,544,20.94,0,3,1,0,17.24
0.0,0,0.0,37.16,3,0,0,15.28,0,1,0,0,0.0,3,0,0,0.0,0,0,0,375,10.62,1,0,1,1,21.4
0.0,0,0.0,33.19,2,0,0,0.0,0,0,0,0,0.0,3,0,0,0.0,0,0,0,618,60.64,0,3,1,0,17.11
0.0,0,0.0,32.25,2,0,0,1.24,0,1,0,0,0.0,3,0,0,0.0,0,0,0,587,50.99,0,3,1,1,15.08
51958.0,0,10308.6,62.64,2,0,0,65.99,1,1,0,0,41649.5,3,0,1,29592.3,1,1,1,397,3316.97,0,3,1,1,25.38
227.36,0,143.72,39.01,1,1,0,20.05,1,0,0,0,83.65,3,0,0,4113.43,0,0,0,718,21.7,0,1,1,1,25.09
0.0,0,0.0,0.0,0,0,1,0.0,1,0,0,0,0.0,3,0,0,0.0,0,0,1,579,0.0,0,3,1,0,0.0
33572.0,4,1715.0,64.09,2,0,0,63.36,1,1,0,0,31857.0,3,1,1,13631.0,1,1,0,300,2495.63,0,3,1,1,25.41
0.0,5,0.0,70.03,2,0,0,66.45,1,1,1,0,0.0,3,1,1,0.0,0,1,1,344,3789.42,0,3,1,1,27.63
6966.28,4,2816.25,54.42,3,0,0,49.47,1,1,0,0,4150.03,3,1,1,2353.55,1,1,0,568,222.38,0,3,1,1,28.95
0.0,0,0.0,0.0,0,0,0,0.0,1,0,0,0,0.0,0,0,0,0.0,0,0,0,0,0.0,0,3,1,0,0.0
7500.0,11,1400.0,61.16,2,0,0,58.62,1,1,0,0,6100.0,3,1,1,9874.08,1,1,0,345,799.76,1,3,1,1,24.36
123.44,0,96.28,52.02,2,1,1,38.66,0,1,0,0,27.16,3,0,1,581.17,1,1,0,1008,5.35,0,3,1,1,17.11
641.18,5,247.2,68.31,2,1,0,72.91,1,1,0,0,393.98,3,1,1,6262.9,1,1,0,1183,38.19,0,3,1,1,24.09
3200.0,0,1300.0,56.25,3,0,1,34.25,1,0,0,0,1900.0,3,0,1,16600.0,1,0,1,608,180.64,0,1,1,1,27.43
0.0,3,0.0,32.58,2,0,0,0.0,0,0,0,0,0.0,3,1,0,0.0,0,0,0,1019,25.96,0,1,1,0,10.36
1473.0,0,990.0,59.26,2,0,0,43.1,1,1,0,0,483.0,3,0,1,259.0,1,1,1,1112,30.08,1,3,1,1,32.4
0.0,0,0.0,33.32,0,0,0,0.0,0,0,0,0,0.0,0,0,0,0.0,0,0,0,147,34.04,0,1,1,0,0.0
627.28,0,506.66,49.7,2,0,0,30.32,0,1,0,0,120.62,3,1,0,0.0,0,0,1,711,48.29,0,3,1,1,29.47
0.0,0,0.0,18.61,0,0,0,0.33,0,0,0,0,0.0,0,0,0,0.0,0,0,0,21,566.47,0,3,1,0,0.0
36650.0,0,3550.0,60.12,2,0,0,40.95,1,1,0,0,33100.0,3,0,1,942.47,1,1,0,440,3569.12,0,1,1,1,29.8
0.0,3,0.0,32.41,0,0,0,16.1,0,0,0,0,0.0,0,1,0,0.0,0,0,1,41,626.17,0,1,1,0,0.0
0.0,0,3300.0,53.76,1,0,0,28.15,1,1,0,0,0.0,3,0,1,0.0,0,1,0,505,416.08,0,1,1,1,36.25
1770.93,0,1756.17,50.87,1,1,1,32.5,1,1,0,0,14.77,3,0,1,134.24,1,1,0,1060,418.53,0,1,1,1,11.79
141.51,6,104.81,53.74,2,0,1,47.9,1,1,1,0,36.7,3,1,1,51.5,1,0,0,1002,5.36,1,3,1,1,25.91
1255.97,0,542.57,65.81,2,0,0,56.54,1,1,0,0,713.4,3,0,1,19002.9,1,1,1,842,88.97,0,3,1,1,19.05
16721.0,6,6521.0,70.88,3,0,0,66.32,1,1,0,0,10200.0,3,1,1,105232.0,1,0,0,625,172.85,0,3,1,1,24.39
42.65,3,38.31,41.65,2,0,0,20.18,0,1,0,0,4.33,3,1,0,0.0,0,0,1,825,3.51,0,1,1,1,15.78
125000.0,5,8000.0,62.61,3,0,0,44.67,1,1,0,0,117000.0,3,1,1,0.0,1,0,1,531,692.79,0,3,1,1,36.47
0.0,0,0.0,33.1,2,0,0,0.91,0,1,0,0,0.0,3,0,0,0.0,0,0,0,803,49.57,1,1,1,1,26.4
15122.8,0,1094.11,60.63,2,0,0,63.7,1,1,0,0,14028.7,3,0,0,5213.42,0,1,1,667,308.59,1,3,1,1,20.45
0.0,0,0.0,36.3,1,0,0,0.0,0,0,0,0,0.0,3,0,0,0.0,0,0,0,428,12.84,0,1,1,0,23.94
0.0,0,0.0,35.64,1,0,0,14.38,0,0,0,0,0.0,3,0,0,0.0,0,1,0,769,7.17,0,1,1,0,18.08
106.73,0,94.62,47.77,2,0,1,23.36,1,1,0,0,12.12,3,0,1,10.25,0,0,0,606,10.25,0,1,1,1,18.75
5.39,0,4.89,33.42,3,0,0,5.98,0,0,0,0,0.49,0,0,0,0.09,0,0,0,165,0.67,0,1,1,0,22.75
0.0,0,0.0,53.48,3,0,0,46.84,1,1,0,0,42354.9,3,0,1,13.65,1,1,0,304,1808.22,0,1,1,1,29.37
0.0,0,0.0,31.73,2,0,0,0.0,0,0,0,0,0.0,3,0,0,0.0,0,0,0,732,6.26,0,1,1,0,18.34
57.3,0,50.3,55.67,0,0,0,46.18,0,1,0,0,7.0,0,0,1,30.0,1,1,1,63,5.01,0,3,0,1,0.0
0.0,0,0.0,32.18,2,0,0,0.33,0,0,0,0,0.0,0,0,0,0.0,0,0,0,116,12.46,0,3,1,0,14.39
4873.57,9,3482.44,68.76,3,1,0,64.42,1,1,0,0,1391.13,3,1,1,2111808.0,1,1,1,604,33.95,1,3,1,1,29.95
258.26,4,207.85,50.66,0,0,0,27.51,0,1,0,0,50.41,3,1,1,0.0,0,0,0,747,44.76,0,3,1,1,25.64
0.0,0,0.0,29.99,0,0,0,0.0,0,0,0,0,0.0,0,0,0,0.0,0,0,0,89,42.16,0,1,1,0,0.0
0.0,0,0.0,33.66,2,0,0,2.08,0,1,0,0,0.0,3,0,1,0.0,0,1,0,587,4.57,0,3,1,1,18.18
8100.0,3,3600.0,68.77,4,1,1,63.85,1,1,0,0,4500.0,3,1,1,486.32,1,1,0,384,466.81,0,3,1,0,31.94
445.88,3,422.07,56.61,3,1,0,37.3,1,1,0,0,23.81,0,1,1,5015.18,0,1,1,194,17.38,1,3,0,1,15.18
762.63,0,0.0,36.42,3,0,0,1.24,1,1,0,0,0.0,3,0,0,0.0,0,0,1,211,21.3,0,1,1,1,34.88
3780.0,7,2110.0,57.57,3,1,0,39.5,1,1,0,0,1670.0,3,1,1,0.0,1,1,1,516,42.77,0,3,1,1,40.81
971.0,4,676.0,64.64,2,1,0,52.85,1,1,0,0,295.0,3,1,1,13910.0,1,1,1,1001,59.36,1,3,1,1,21.51
6426.45,3,4572.79,78.36,4,1,1,76.17,1,1,0,0,1853.66,3,1,1,286310.0,1,1,1,605,38.34,0,3,1,1,30.89
0.0,0,0.0,41.34,2,0,0,25.25,0,1,0,0,0.0,3,0,1,0.0,0,0,1,623,19.04,0,3,1,1,12.64
0.0,0,0.0,34.61,0,0,0,0.33,0,0,0,0,0.0,0,0,0,0.0,0,0,1,121,0.94,0,3,1,0,0.0
92.55,3,46.22,61.22,2,1,0,44.58,1,1,0,0,46.33,3,1,1,33.06,1,0,1,1143,4.53,0,3,1,1,22.08
0.0,0,0.0,32.41,2,0,0,0.0,0,0,0,0,0.0,3,0,0,0.0,0,1,0,636,4.9,0,1,1,0,19.18
198.14,3,186.99,48.82,3,0,1,40.68,1,1,0,1,11.15,3,1,1,120.0,0,1,1,708,2.83,0,3,1,1,26.16
2715.37,4,1538.66,49.27,0,1,0,42.31,0,1,0,0,1176.71,0,1,1,0.0,1,1,1,90,166.96,0,3,1,1,0.0
1337.3,0,457.87,53.42,0,1,0,43.01,1,1,0,0,879.43,0,0,1,0.0,1,0,0,163,362.66,1,1,1,1,16.43
0.0,0,0.0,32.77,0,0,0,0.0,0,0,0,0,0.0,0,0,0,0.0,0,0,0,127,8.45,0,1,1,0,0.0
2098.52,6,260.78,60.81,2,1,0,40.89,0,1,0,0,1837.74,3,1,1,84.14,1,0,0,603,288.91,0,3,1,1,23.8
308.39,0,217.67,53.44,2,1,1,52.52,0,1,0,0,90.72,0,0,1,989.71,0,0,0,136,36.21,0,3,1,1,14.51
35.97,5,21.21,56.03,1,0,0,37.09,1,1,0,0,14.77,3,1,0,42.72,0,1,0,752,1.19,0,3,1,1,16.17
14.54,5,7.96,60.45,2,0,0,58.26,1,1,0,0,6.59,3,1,1,45.69,0,0,0,805,2.35,1,3,1,1,9.36
0.0,0,0.0,32.9,2,0,0,0.0,0,0,0,0,0.0,0,0,0,0.0,0,0,0,0,34.1,0,1,1,0,28.24
0.0,0,0.0,42.13,2,0,0,15.95,1,1,0,0,0.0,3,0,0,0.0,0,0,0,690,2.54,1,3,1,1,13.48
342.56,0,222.73,60.58,3,1,0,58.62,1,1,0,0,119.83,3,0,1,0.0,0,0,1,705,45.66,1,3,1,1,27.21
468.42,3,391.12,68.02,2,1,1,58.71,1,1,0,0,77.3,3,1,1,12243.1,1,1,1,842,13.1,1,3,1,1,11.94
2344.62,0,1906.28,46.84,2,0,1,20.6,0,1,0,0,438.0,3,0,1,2293.06,0,0,0,1272,17.24,1,3,1,1,12.54
2583.88,5,1228.46,45.05,3,0,0,22.05,1,0,0,0,1355.42,3,1,1,0.0,1,1,1,382,67.75,0,3,1,1,29.31
331.3,5,265.1,68.82,2,1,1,61.49,1,1,0,1,66.2,3,1,1,40770.0,1,1,1,897,5.09,1,3,0,1,10.77
112.46,0,96.04,56.49,2,0,1,46.87,1,1,0,0,16.43,3,0,0,124.69,0,0,1,945,1.31,1,3,1,1,22.37
0.0,0,0.0,41.04,2,0,0,14.86,0,1,0,0,0.0,3,0,0,0.0,0,0,0,243,54.37,0,1,1,1,35.45
2578.43,4,801.55,52.46,1,0,0,42.01,0,1,0,0,1776.88,0,1,1,0.0,0,0,0,83,232.99,0,3,1,1,29.33
1496.52,5,1371.62,68.11,2,0,1,68.02,1,1,0,0,124.9,3,1,1,1263.0,1,1,1,910,21.19,1,3,0,1,14.77
0.0,0,0.0,16.32,0,0,0,0.0,0,0,0,0,0.0,0,0,0,0.0,0,0,0,4,26.38,0,1,1,0,0.0
658.95,0,547.05,54.49,2,0,0,43.19,0,1,0,0,111.89,3,0,1,24.0,0,0,0,872,36.82,1,3,1,1,19.6
0.0,3,0.0,46.7,2,0,0,23.98,0,1,0,0,0.0,0,1,1,0.0,1,0,0,140,596.76,0,1,1,0,28.55
0.0,0,0.0,32.56,0,0,0,0.0,0,0,0,0,0.0,0,0,0,0.0,0,0,0,100,7.72,0,3,1,0,0.0
4105.0,3,2615.0,72.32,3,0,1,63.91,1,1,1,0,1490.0,3,1,1,12320.0,1,0,1,1128,89.51,1,3,1,1,17.26
0.0,4,0.0,37.61,2,0,0,1.24,0,1,0,0,0.0,3,1,0,0.0,0,0,1,838,10.05,0,3,1,1,16.34
13660.0,6,3850.0,55.19,3,0,0,34.34,1,1,0,0,9810.0,3,1,1,0.0,1,0,0,733,701.42,1,3,1,1,23.82
34.33,7,29.55,46.73,1,0,0,24.49,0,1,0,0,4.79,3,1,1,59.84,0,0,0,867,5.92,0,3,1,1,15.15
12.86,0,9.68,43.39,2,1,1,20.72,1,1,0,0,3.18,3,0,1,28.35,0,0,0,1185,0.48,0,1,1,1,16.2
0.0,0,0.0,38.18,2,1,0,15.61,0,1,0,0,0.0,3,0,0,0.0,0,0,0,846,6.02,0,3,1,1,19.24
0.0,0,0.0,33.97,1,0,0,0.82,0,1,0,0,0.0,3,0,0,0.0,0,0,0,560,187.12,0,2,1,0,14.32
320.64,0,199.18,43.5,2,1,0,23.01,0,1,0,0,121.46,3,0,1,0.0,0,0,0,806,50.08,1,3,1,1,30.92
0.0,0,0.0,52.12,1,0,0,44.22,0,1,0,0,38.69,0,0,1,27.35,0,0,0,143,83.16,1,3,1,1,10.89
0.0,0,0.0,40.54,0,1,0,16.79,1,1,0,0,0.0,0,0,1,0.0,0,1,1,4,24.92,0,3,1,1,0.0
0.0,0,0.0,31.58,2,0,0,0.0,1,0,0,0,0.0,0,0,0,0.0,0,0,0,173,2.09,0,3,1,0,24.14
1160.32,4,685.82,66.4,4,1,1,76.44,1,1,0,0,474.5,3,1,1,17988.8,1,1,0,1019,13.25,1,3,1,1,25.08
28.63,0,9.37,49.25,1,1,0,29.69,1,1,0,0,19.26,0,0,1,38.87,0,1,0,261,2.93,0,3,1,1,7.47
848.93,3,770.7,54.9,3,0,1,35.06,1,1,0,1,78.23,3,1,1,187.02,1,1,1,1050,4.82,0,3,1,1,29.02
0.0,5,0.0,41.84,4,0,0,1.57,0,1,0,0,0.0,0,1,0,0.0,0,1,1,52,6.95,0,1,1,1,23.42
1088.0,6,646.0,57.91,2,0,1,39.2,1,1,0,0,442.0,3,1,1,0.0,1,0,0,879,88.39,1,3,1,1,26.84
0.0,0,0.0,50.32,2,1,0,30.66,1,1,0,0,0.0,3,0,1,0.0,0,0,0,681,44.95,1,3,1,1,21.19
60.94,5,47.27,48.74,1,1,1,30.96,0,1,0,0,13.67,3,1,0,52.85,0,0,0,798,7.34,0,3,1,1,23.15
4530.0,5,2440.0,68.93,2,1,0,66.75,1,1,0,0,2090.0,3,1,1,12935.0,1,0,0,886,212.26,1,3,1,1,22.05
0.0,3,0.0,52.08,2,0,0,16.55,1,0,0,0,0.0,3,1,1,0.0,1,0,0,598,1283.27,0,3,1,1,18.55
0.0,0,0.0,21.29,2,0,0,2.08,1,1,0,0,0.0,3,0,1,0.0,0,0,0,434,0.36,0,3,1,1,0.0
0.0,0,0.0,40.06,0,0,0,16.46,0,1,0,0,0.0,3,0,1,0.0,0,0,0,746,36.97,1,3,1,1,16.91
567.72,0,529.17,45.16,2,0,1,26.94,1,1,0,0,38.55,0,0,1,462.04,0,0,0,188,24.4,0,3,1,1,12.63
0.0,0,0.0,42.44,3,0,0,17.12,1,1,0,0,0.0,3,0,1,0.0,0,0,0,570,73.46,1,3,1,1,35.3
7251.43,5,4497.09,43.54,3,0,0,21.38,1,1,0,0,2754.33,3,1,1,1751.41,0,0,1,778,47.73,1,3,1,1,21.39
0.0,4,0.0,40.79,2,0,0,16.46,0,1,0,0,0.0,3,1,1,0.0,0,0,0,332,21.19,0,1,1,1,29.66
0.0,0,0.0,39.15,2,1,0,14.38,0,0,0,0,0.0,3,0,0,0.0,0,0,1,871,32.54,0,1,0,0,19.04
103.69,0,77.09,56.53,1,0,0,45.39,1,1,0,0,26.6,3,0,1,45.2,0,1,0,1015,13.29,1,3,1,1,13.66
542.52,0,409.86,54.14,2,0,0,42.28,0,1,0,0,132.65,3,0,1,0.0,0,1,1,474,23.17,0,3,1,1,12.51
70.97,5,68.44,49.1,1,0,0,34.22,0,0,0,0,2.53,3,1,1,86.12,0,0,1,292,4.79,0,1,1,1,11.5
0.0,0,0.0,32.69,2,0,0,0.33,0,0,0,0,0.0,3,0,0,0.0,0,0,0,518,2.58,0,1,1,0,23.06
0.0,0,0.0,28.43,0,0,0,1.75,0,1,0,0,0.0,3,0,1,0.0,0,1,0,285,1.92,0,1,1,1,0.0
14.01,0,11.1,46.27,2,0,0,23.14,1,1,0,0,2.91,3,0,0,32.65,0,0,0,648,0.43,0,3,1,1,16.91
0.0,0,0.0,30.65,2,0,0,0.0,0,0,0,0,0.0,0,0,0,0.0,0,0,0,118,3.5,0,1,1,0,12.53
0.0,0,0.0,32.05,2,0,0,0.33,0,0,0,0,0.0,3,0,0,0.0,0,1,0,812,29.79,0,1,1,0,12.87
1037.2,4,745.68,60.73,3,0,1,42.16,1,1,0,0,291.52,3,1,1,30605.0,1,0,0,218,14.97,0,3,1,1,28.36
0.0,0,0.0,32.69,2,0,0,0.33,0,0,0,0,0.0,3,0,0,0.0,0,0,0,450,7.06,0,3,1,0,16.48
2408.0,0,2054.0,51.3,3,0,0,32.38,0,1,0,0,354.0,3,0,1,0.0,1,0,1,1148,20.23,0,3,1,1,11.49
0.0,0,0.0,32.55,2,0,0,0.0,0,0,0,0,0.0,3,0,0,0.0,0,0,0,288,1.08,0,1,0,0,23.09
1612.44,0,1376.0,50.26,2,1,0,36.0,1,1,0,0,236.0,3,0,0,0.0,0,0,0,580,114.52,0,3,1,1,24.01
0.0,0,0.0,31.5,1,0,0,0.0,0,0,0,0,0.0,3,0,0,0.0,0,0,0,546,7.1,0,1,1,0,26.16
807.42,0,710.55,46.57,2,0,0,22.41,0,1,0,0,96.88,0,0,1,0.0,0,0,0,184,22.12,1,1,1,1,16.81
0.0,0,0.0,37.67,0,0,0,14.38,0,0,0,0,0.0,0,0,0,0.0,0,0,0,17,5.94,0,0,1,0,0.0
28.88,0,14.06,51.05,2,1,0,30.05,0,1,0,0,14.82,0,0,1,0.0,0,0,0,229,1.7,0,2,1,1,9.95
44300.0,0,7600.0,58.0,3,0,0,46.81,1,1,0,0,36700.0,3,0,1,0.0,1,0,1,0,584.88,0,1,1,1,28.7
0.0,0,0.0,31.69,2,0,0,0.33,0,0,0,0,0.0,3,0,0,0.0,0,0,0,397,4.25,0,3,1,0,29.52
6417.8,0,4878.99,62.16,3,1,1,57.02,1,1,0,0,1538.81,3,0,1,4995.53,1,0,1,586,306.71,1,3,1,1,21.89
0.0,4,88.38,40.23,2,0,0,18.45,0,1,0,0,0.0,3,1,0,72.79,0,1,1,1049,6.6,0,3,1,1,19.45
321.0,0,0.0,41.95,1,0,0,10.21,0,1,0,0,0.0,3,0,1,0.0,0,0,0,808,27.72,0,3,1,0,25.93
0.0,0,0.0,32.9,1,0,0,0.33,0,0,0,0,0.0,0,0,0,0.0,0,0,0,160,76.7,0,3,1,0,35.7
84.76,0,78.49,56.16,4,1,0,38.09,0,1,0,0,6.27,3,0,1,490.29,0,1,1,1310,3.38,0,3,1,1,16.98
117.0,0,89.05,57.52,2,1,0,56.96,1,1,0,0,27.95,3,0,1,0.0,0,0,0,792,22.36,1,1,1,1,26.53
951.8,4,775.74,45.15,3,1,0,33.68,1,1,0,0,176.06,3,1,1,43380.8,1,1,0,850,39.17,1,3,1,1,24.79
287.18,0,195.95,53.42,3,0,0,33.28,1,1,0,0,91.24,3,0,1,27.51,0,1,1,649,1.36,0,3,1,1,15.17
0.0,0,0.0,35.95,0,0,0,3.59,0,1,0,0,0.0,0,0,1,0.0,1,0,0,85,3276.09,0,2,1,1,0.0
1252.4,6,450.8,71.38,3,0,1,66.26,1,1,0,0,801.6,3,1,1,6856.0,0,1,1,1232,27.81,1,3,1,1,21.84
564.0,0,544.0,42.37,4,1,1,20.3,0,0,0,0,20.0,3,0,1,480.0,0,1,0,948,31.31,0,3,1,1,32.54
123.95,5,108.02,52.07,2,0,0,43.19,1,1,0,0,15.93,3,1,1,29.35,0,1,0,797,1.06,0,3,1,1,14.95
0.0,6,0.0,51.15,2,0,0,39.26,1,0,0,0,0.0,3,1,1,0.0,0,1,0,879,299.78,0,3,1,1,17.44
2790.35,5,2692.71,64.52,3,1,1,70.58,1,1,0,0,97.64,3,1,1,21705.3,1,1,1,2003,34.95,1,3,1,1,15.24
0.0,3,0.0,42.05,2,0,0,19.6,0,1,0,0,0.0,3,1,1,0.0,1,0,0,478,315.6,0,1,1,1,14.05
0.0,0,0.0,31.25,1,0,0,0.0,0,0,0,0,0.0,3,0,0,0.0,0,0,1,529,2.39,0,1,1,0,28.5
1127.29,0,679.25,64.12,2,1,0,48.47,0,1,0,0,448.04,3,0,1,5289.18,0,0,0,508,114.63,1,3,1,1,21.47
1631.24,5,852.94,61.11,3,1,0,54.33,1,1,0,0,778.3,3,1,1,12217.0,1,1,1,793,68.03,1,3,1,1,23.78
0.0,0,0.0,45.41,2,1,0,25.37,1,1,0,1,0.16,3,0,0,7.84,0,1,0,962,0.24,0,3,1,1,10.59
238.75,4,209.3,50.67,3,1,0,33.22,1,0,0,1,29.45,3,1,0,1883.97,0,1,0,956,3.93,0,3,1,1,22.38
6627.76,6,1740.0,80.97,2,0,0,86.17,1,1,0,0,4887.76,3,1,1,4057.09,1,0,0,699,766.84,0,1,1,1,36.87
98.25,0,87.6,61.97,3,1,0,51.65,1,1,0,0,10.65,3,0,1,23.31,0,0,0,801,9.64,1,3,1,1,13.75
0.0,0,0.0,32.34,0,0,0,0.76,0,0,0,0,0.0,0,0,0,0.0,0,0,1,109,214.52,0,1,1,1,0.0
14.36,3,14.36,41.79,2,1,0,21.05,1,1,0,0,0.0,3,1,1,0.0,0,1,0,700,0.0,0,3,1,1,11.93
42.22,0,35.84,42.5,2,0,0,12.23,0,1,0,0,6.39,3,0,1,0.0,0,1,0,0,3.04,0,3,1,1,12.98
223.37,0,145.87,49.75,0,0,0,41.08,1,1,0,0,77.5,0,0,1,0.0,0,0,0,11,26.28,0,1,1,1,0.0
0.0,0,0.0,38.95,2,0,0,15.13,0,0,0,0,0.0,0,0,0,0.0,0,0,0,86,36.56,0,1,1,0,20.36
122.79,0,115.18,48.17,1,1,0,37.21,0,1,0,0,7.61,3,0,0,41.94,0,0,0,679,11.87,0,1,1,0,15.51
0.0,0,0.0,29.87,2,1,0,0.0,0,0,0,0,0.0,3,0,0,0.0,0,1,0,807,4.17,0,3,1,0,16.25
386.35,1,0.0,42.42,2,0,0,18.18,0,1,0,0,0.0,3,1,1,0.0,0,1,0,621,33.3,1,3,1,1,14.35
4700.0,6,1600.0,81.2,3,1,0,83.0,1,1,0,1,3100.0,3,1,1,2386.56,1,1,1,944,326.83,0,3,1,1,20.33
202.01,0,173.66,46.34,2,1,0,23.86,0,1,0,0,28.36,3,0,1,13.84,1,1,0,382,18.53,0,1,1,1,11.24
0.0,0,0.0,51.08,2,0,0,44.55,1,1,0,0,0.0,3,0,1,0.0,1,1,0,899,2969.73,0,3,1,1,27.53
315.89,5,289.56,63.3,3,1,1,53.7,1,1,0,0,26.34,3,1,1,16632.3,1,0,1,1180,7.79,1,3,1,1,16.95
0.0,0,0.0,44.7,2,0,1,16.79,1,1,0,0,0.0,0,0,1,0.0,0,0,0,138,20.93,1,2,1,1,15.75
5101.29,0,228.81,57.0,2,1,0,38.96,0,1,0,0,4872.47,3,0,0,10310.7,0,0,1,744,348.44,0,3,1,1,22.73
45.73,5,43.61,49.04,2,0,0,26.73,1,1,0,0,2.13,3,1,1,20.76,1,0,0,814,5.22,0,3,1,1,24.39
511.21,6,370.68,62.21,2,0,0,50.26,1,1,0,0,140.54,3,1,1,1274.44,0,1,1,206,24.27,0,3,1,1,27.4
0.0,0,0.0,33.92,2,0,0,2.42,0,1,0,0,0.0,0,0,1,0.0,0,0,0,131,81.91,0,1,0,1,33.04
51229.0,4,229.0,61.41,2,1,0,62.34,1,1,0,0,51000.0,3,1,1,7125.1,1,1,0,268,1595.13,0,3,1,1,31.62
0.0,0,0.0,49.58,2,0,0,38.3,0,1,0,0,4367.16,3,0,0,0.0,0,1,0,632,329.24,0,3,1,1,32.28
55.47,0,52.9,68.56,2,0,0,72.55,1,1,0,0,2.57,3,0,1,276.37,0,0,1,1512,6.03,1,3,1,1,13.45
0.0,0,0.0,31.38,1,0,0,0.0,0,0,0,0,0.0,3,0,0,0.0,0,0,0,577,4.19,0,1,1,0,20.75
15500.0,5,4200.0,58.39,2,1,0,46.93,1,1,0,0,11300.0,3,1,1,63000.0,1,1,0,418,1292.24,0,3,1,1,43.23
290.5,0,234.5,42.07,0,0,0,19.3,0,1,0,0,56.0,0,0,1,0.0,0,0,0,79,41.58,0,2,1,1,0.0
0.0,0,0.0,31.49,1,0,0,0.0,0,0,0,0,0.0,0,0,0,0.0,0,0,0,111,4.46,0,3,1,0,28.56
0.0,0,0.0,40.86,2,0,0,14.86,0,1,0,0,0.0,0,0,0,0.0,0,0,0,60,1033.38,0,1,1,0,40.43
101.41,0,77.44,38.5,1,0,1,10.99,0,1,0,0,23.96,3,0,0,158.02,0,1,0,713,5.08,0,3,1,1,18.18
5000.0,0,2100.0,51.35,1,0,0,26.97,0,1,0,0,2900.0,3,1,1,49600.0,1,0,0,685,621.79,0,1,1,1,23.98
411.29,0,399.99,49.39,2,0,1,37.15,1,1,0,0,11.29,3,0,1,649.54,1,0,0,953,16.76,0,3,1,1,13.92
0.0,0,0.0,32.6,1,0,0,0.33,0,0,0,0,0.0,3,0,0,0.0,0,0,0,591,37.16,0,1,1,0,13.03
150.55,0,95.28,64.41,3,0,0,60.74,0,1,0,0,55.27,0,0,1,11.64,0,0,0,96,19.17,0,3,1,1,19.83
0.0,0,0.0,0.0,0,0,0,0.0,0,0,0,0,0.0,3,0,0,0.0,0,0,0,707,0.0,0,3,1,0,0.0
3825.48,4,212.96,40.81,2,0,0,16.64,1,1,0,0,3612.53,0,1,1,0.0,1,0,0,74,1071.84,0,3,1,1,32.49
0.0,0,0.0,30.52,0,0,0,0.0,0,0,0,0,0.0,0,0,0,0.0,0,0,0,95,4.27,0,1,1,0,0.0
3883.46,0,1384.51,78.96,1,1,0,84.93,1,1,0,0,2498.95,3,0,1,3940.0,1,0,1,834,539.18,0,3,1,1,15.34
0.0,0,0.0,39.12,3,1,0,16.46,0,1,0,0,0.0,3,0,1,0.0,0,0,0,644,12.64,0,3,1,1,27.77
2895.87,0,1339.85,59.94,1,0,0,60.31,1,1,0,0,1556.02,3,0,1,0.0,1,0,0,533,458.54,0,3,1,1,16.66
566.28,0,0.0,41.43,2,0,0,19.93,0,1,0,0,0.0,3,0,1,0.0,0,0,0,580,57.76,0,3,1,1,29.2
0.0,0,0.0,38.44,0,0,0,15.19,0,1,0,0,0.0,0,0,0,0.0,0,0,0,113,4.65,1,3,1,1,0.0
72.63,0,63.19,45.67,2,1,1,30.69,0,1,0,0,9.45,3,0,1,20.84,0,1,0,1130,2.95,0,3,1,1,15.99
0.0,4,0.0,35.91,0,0,0,3.71,0,0,0,0,0.0,0,1,0,0.0,0,0,0,76,334.99,0,1,1,0,0.0
0.0,0,0.0,31.74,2,0,0,0.0,0,0,0,0,0.0,0,0,0,0.0,0,0,0,64,13.67,0,1,1,0,12.3
5480.89,4,1746.37,59.08,3,0,0,45.55,1,1,0,0,3734.52,3,1,1,106158.0,1,1,0,1178,80.28,1,3,1,1,15.94
0.0,0,0.0,32.69,2,0,0,0.33,0,0,0,0,0.0,0,0,0,0.0,0,0,0,77,39.93,0,3,1,0,17.41
1710.0,5,910.0,62.14,3,1,0,54.06,1,1,0,0,800.0,3,1,1,8653.96,1,1,0,976,16.98,1,0,1,1,25.34
4932.13,0,650.53,65.5,5,0,0,68.86,1,1,0,0,4281.6,3,0,1,42594.0,1,0,1,182,317.64,0,3,1,1,35.26
827.28,5,438.9,75.13,3,1,1,74.87,1,1,0,0,388.38,3,1,1,4519.4,1,1,0,269,25.13,0,3,1,1,23.79
35400.0,9,8800.0,56.96,3,0,0,37.6,0,1,0,0,26600.0,3,1,1,0.0,1,0,1,588,367.63,0,3,1,1,29.35
0.0,0,0.0,31.7,0,0,0,0.33,0,0,0,0,0.0,0,0,0,0.0,0,0,0,0,534.27,0,1,0,0,0.0
301.69,0,264.42,49.39,3,0,0,24.65,1,1,0,0,37.27,3,0,1,152.04,0,0,0,924,9.66,0,3,0,1,22.34
105.48,0,76.02,48.51,2,0,1,34.94,0,0,0,0,29.45,0,0,0,0.0,0,0,0,115,15.42,0,3,1,1,11.1
0.0,0,0.0,38.2,2,0,0,15.04,1,0,0,0,0.0,0,0,0,0.0,0,0,0,61,144.99,0,1,1,0,42.65
940.0,5,560.0,59.33,1,0,1,56.78,0,1,0,0,380.0,3,1,1,0.0,0,0,0,780,58.87,1,0,1,1,24.33
29145.6,4,558.2,59.85,2,0,0,58.02,1,1,0,0,28587.4,3,1,1,6144.66,1,1,0,276,5424.03,0,3,1,1,33.84
42.85,5,36.78,42.29,1,0,0,19.63,0,1,0,0,6.07,3,1,1,0.0,0,1,0,654,2.29,0,3,1,1,17.22
4924.0,5,2750.0,58.22,3,0,1,61.07,1,1,0,0,2174.0,3,1,1,210173.0,1,0,1,1254,71.7,1,3,1,1,26.61
0.0,0,0.0,34.06,1,0,0,0.33,0,0,0,0,0.0,3,0,0,0.0,0,0,0,790,4.7,0,3,1,0,20.87
70.63,3,57.06,52.3,1,0,0,32.23,1,0,0,1,13.57,3,1,0,27.84,0,1,0,948,0.8,0,3,1,1,16.21
13043.2,5,962.35,64.17,2,0,0,59.44,1,1,0,0,12080.8,3,1,1,13551.5,1,1,1,546,974.38,0,3,1,1,28.46
0.0,5,0.0,33.53,2,0,0,0.33,0,0,0,0,0.0,3,1,0,0.0,0,0,0,613,3.36,0,1,1,0,20.87
148.73,3,111.4,50.85,3,1,0,34.79,1,1,0,0,37.32,0,1,1,0.0,0,1,0,265,8.6,1,3,1,1,15.58
210.41,0,130.39,63.31,4,1,0,67.29,1,1,0,0,80.02,3,0,1,111.25,0,1,0,966,0.0,0,3,1,1,16.59
0.0,0,0.0,34.73,2,1,0,0.33,0,0,0,0,0.0,3,0,0,0.0,0,0,0,498,62.96,0,1,1,0,35.02
0.0,4,0.0,49.36,3,0,0,35.97,0,1,0,0,91.31,3,1,0,39.3,0,0,0,1009,37.68,0,1,1,1,20.9
91.57,0,76.49,32.3,2,0,0,5.44,0,1,0,0,15.08,0,0,1,0.0,1,0,0,91,6.42,0,3,1,1,25.29
0.0,0,0.0,33.64,0,0,0,19.57,0,1,0,0,0.0,0,1,0,0.0,0,0,0,6,73.91,0,3,1,1,0.0
65.15,0,0.0,40.32,2,1,0,18.18,0,1,0,0,0.0,0,0,1,0.0,0,1,0,250,14.87,1,3,1,1,13.18
0.0,0,0.0,31.54,2,0,0,0.48,0,1,0,0,0.0,3,0,0,0.0,0,0,0,590,3.46,0,1,1,0,23.99
0.0,7,0.0,53.87,3,0,0,50.59,1,1,0,0,0.0,3,1,1,0.0,0,0,0,333,26.46,0,3,1,1,34.98
81.7,0,32.9,49.37,2,0,0,29.51,0,1,0,0,48.8,3,0,1,284.4,1,0,1,934,9.62,0,3,1,1,18.15
111.07,5,105.98,46.11,2,1,0,30.75,0,1,0,0,5.09,3,1,1,0.25,1,0,0,868,13.34,0,3,1,1,15.6
0.0,0,0.0,34.0,0,0,0,1.75,0,1,0,0,0.0,0,0,1,0.0,0,1,0,183,3.1,0,3,1,1,22.48
0.0,0,0.0,34.17,0,0,0,1.24,0,1,0,0,0.0,0,0,0,0.0,0,0,0,181,23.4,0,0,1,1,18.47
13747.3,5,261.04,53.04,3,1,0,24.49,1,1,0,0,13486.3,3,1,0,1685.38,0,0,0,803,1445.28,0,2,1,1,21.33
0.0,0,0.0,34.56,0,0,0,3.44,0,0,0,0,0.0,0,0,0,0.0,0,0,0,46,15.27,0,1,1,0,0.0
0.0,0,0.0,0.0,0,0,0,0.0,0,0,0,0,0.0,0,0,0,0.0,0,0,0,42,0.0,0,1,1,0,0.0
128.9,0,96.68,43.07,2,0,0,28.57,0,1,0,0,32.22,3,0,1,0.0,1,1,0,986,18.65,0,3,1,1,19.68
0.0,0,0.0,39.15,0,0,0,14.38,0,0,0,0,0.0,3,0,0,0.0,0,0,0,932,9.65,0,1,1,0,22.9
0.0,0,0.0,38.94,2,0,0,15.61,0,1,0,0,0.0,3,0,0,0.0,0,0,0,608,16.77,0,3,1,1,15.93
0.0,0,0.0,36.6,1,0,0,8.52,0,1,0,0,0.0,3,0,1,0.0,0,0,0,284,129.61,1,1,1,1,41.44
803.31,5,115.68,52.81,2,0,0,38.15,0,1,0,0,687.63,0,1,1,10205.7,0,0,0,185,91.44,0,1,1,1,16.09
44.26,0,41.84,51.63,1,1,0,32.62,1,0,0,0,2.43,3,0,0,34.64,0,1,0,1237,1.88,0,3,1,1,14.31
178.0,0,174.0,42.73,2,1,1,25.91,1,1,0,0,4.0,3,0,1,103.0,0,0,0,1254,12.93,0,3,1,1,13.18
0.0,0,0.0,31.56,0,0,0,0.33,0,0,0,0,0.0,0,0,0,0.0,0,1,0,66,54.2,0,1,1,0,0.0
10.09,4,0.0,32.99,0,0,0,1.75,0,0,0,0,0.0,0,1,0,0.0,0,0,0,83,2.29,0,1,1,0,22.17
0.0,0,0.0,28.21,3,0,0,0.0,0,0,0,0,0.0,0,0,0,0.0,0,0,0,28,128.87,0,1,1,0,51.46
0.0,0,0.0,30.33,0,0,0,0.0,0,0,0,0,0.0,0,0,0,0.0,0,0,0,124,40.16,0,1,1,0,0.0
5347.0,0,247.0,66.9,3,0,1,52.19,1,1,0,0,5100.0,3,0,1,55100.0,1,1,0,680,657.28,0,3,1,1,24.72
837.38,0,390.59,51.15,2,0,0,38.02,1,1,0,0,446.8,3,0,1,8.48,0,0,1,793,36.68,1,3,1,1,28.63
0.0,0,0.0,27.43,0,0,0,0.0,0,0,0,0,0.0,0,0,0,0.0,0,0,0,59,9.7,0,0,1,0,0.0
0.0,0,0.0,31.7,0,0,0,0.33,0,0,0,0,0.0,0,0,0,0.0,0,0,0,59,8.98,0,1,1,0,0.0
97000.0,5,0.0,50.57,2,0,0,36.7,1,1,0,0,0.0,3,1,1,34630.1,1,1,1,307,4211.12,0,1,1,1,33.09
20200.5,0,51.63,59.94,2,0,0,53.94,1,1,0,0,20148.9,3,0,0,202.4,0,1,1,400,1222.08,0,3,1,1,32.39
0.0,0,0.0,32.84,0,0,0,0.0,0,0,0,0,0.0,0,0,0,0.0,0,0,0,97,44.67,1,3,1,0,0.0
0.0,0,0.0,42.65,0,0,0,21.5,0,1,0,0,0.0,0,0,0,0.0,0,0,0,182,39.33,0,3,1,1,0.0
409.49,0,299.65,49.86,1,0,0,44.49,0,1,0,0,109.84,3,0,1,0.0,0,1,1,664,24.73,0,3,1,1,25.75
681.0,7,390.0,45.99,3,1,1,21.05,1,1,0,0,291.0,3,1,1,15900.0,0,1,1,909,53.04,1,3,1,1,24.83
99.86,0,90.18,55.25,2,0,0,41.77,1,1,0,1,9.68,3,0,1,96.28,0,0,0,854,6.24,0,3,1,1,22.27
0.0,0,0.0,48.34,1,0,0,41.86,1,1,0,0,1900.0,3,0,0,0.0,0,0,0,688,412.83,0,3,1,1,32.21
0.0,0,0.0,31.84,0,0,0,0.0,0,0,0,0,0.0,3,0,0,0.0,0,0,0,66,13.39,0,1,1,0,0.0
0.0,0,0.0,31.1,3,1,0,0.91,0,1,0,0,0.0,3,0,0,0.0,0,0,0,675,29.94,0,3,1,1,28.52
0.0,3,0.0,36.17,2,0,0,1.66,0,1,0,0,0.0,3,1,1,0.0,0,0,0,712,0.64,0,2,1,1,17.22
1269.83,3,301.0,51.08,2,0,0,45.79,0,1,0,0,968.83,3,1,1,12.6,0,0,0,606,30.13,0,3,1,1,12.06
30.14,0,28.88,43.89,1,0,0,20.54,0,1,0,0,1.26,3,0,1,6.53,0,1,0,841,3.51,0,0,1,1,17.05
0.0,0,0.0,35.69,2,0,0,3.84,1,0,0,0,6100.0,3,0,0,32600.0,0,0,0,237,1243.26,0,1,1,0,33.98
2918.14,0,2187.29,58.81,3,1,0,46.87,1,1,0,0,730.85,3,0,1,12.56,0,1,1,1113,26.49,1,3,1,1,14.72
0.0,0,0.0,40.51,0,0,0,0.33,0,0,0,0,0.0,0,0,0,0.0,0,0,0,142,4.68,0,3,1,0,0.0
0.0,0,0.0,32.69,2,0,0,0.0,0,0,0,0,0.0,0,0,0,0.0,0,1,0,110,10.01,0,1,1,0,11.48
0.0,0,0.0,34.96,3,0,0,0.33,0,0,0,0,0.0,0,0,0,0.0,0,0,1,103,39.34,0,1,1,0,35.19
0.0,0,0.0,33.55,0,0,0,0.0,0,0,0,0,0.0,0,0,0,0.0,0,0,0,54,75.6,0,1,1,0,0.0
0.0,0,0.0,36.38,3,1,0,17.76,0,0,0,0,0.0,3,0,0,0.0,0,0,0,1128,12.87,0,3,1,0,28.54
2418.41,0,1256.76,62.7,2,0,0,54.21,1,1,0,0,1161.65,3,0,1,0.0,1,0,0,1300,147.83,1,3,1,1,19.93
669.22,0,480.68,46.81,2,0,0,31.5,0,1,0,0,188.55,3,0,0,0.0,0,1,0,241,43.36,0,1,1,1,33.81
478.5,0,408.24,50.77,3,1,0,34.67,0,1,0,0,70.25,3,0,1,0.0,0,1,0,1372,19.92,1,3,1,1,13.52
0.0,0,0.0,34.97,0,0,0,0.0,1,0,0,0,0.0,0,0,0,0.0,0,1,0,122,24.05,0,1,1,0,29.21
827.43,3,747.46,47.06,2,0,0,32.74,1,1,0,0,79.97,3,1,1,79.18,0,0,0,943,17.91,1,3,1,1,14.43
0.0,0,0.0,32.58,2,0,0,0.0,0,0,0,0,0.0,0,0,0,0.0,0,0,0,112,4.34,0,1,1,0,22.59
0.0,0,0.0,38.83,2,0,0,11.45,0,1,0,0,62.8,3,0,1,0.0,0,1,0,922,24.57,1,3,1,1,13.76
54.89,0,28.25,48.72,1,0,0,17.46,0,0,0,0,26.64,3,0,0,18.17,0,1,0,847,1.13,0,3,1,0,20.52
0.0,0,0.0,37.73,2,0,0,2.08,0,1,0,0,0.0,3,0,1,0.0,0,1,0,832,12.87,0,1,1,1,18.16
5642.32,0,2597.62,57.85,4,1,0,56.15,0,1,0,0,3044.7,3,0,1,0.0,1,1,0,535,146.43,1,3,1,1,36.67
342.23,0,287.2,48.09,3,0,0,33.89,0,0,0,0,55.03,3,0,0,84.72,0,1,0,723,11.37,0,3,0,0,30.05
1273.75,0,0.69,40.31,2,0,0,14.65,0,0,0,0,1273.06,3,0,0,0.0,0,0,0,479,245.07,0,1,1,0,34.0
0.0,0,0.0,32.79,2,0,0,0.0,0,0,0,0,0.0,3,0,0,0.0,0,0,0,645,18.74,0,3,1,0,15.46
10969.9,6,752.92,50.96,2,1,0,36.42,1,1,0,0,10217.0,3,1,1,18.47,1,0,1,960,526.61,0,3,1,1,25.26
32661.1,8,235.79,46.84,2,0,0,29.81,1,1,0,0,32425.3,0,1,0,6078.74,1,1,0,154,1166.03,0,3,1,1,30.1
0.0,0,0.0,37.36,0,1,0,7.04,1,1,0,0,0.0,0,0,1,0.0,1,0,0,110,40.43,0,3,1,1,0.0
291.89,0,36.89,51.87,1,0,0,47.09,0,1,0,0,254.99,3,0,1,4.42,0,0,0,804,51.12,0,1,1,1,18.45
33062.0,7,3252.0,48.07,3,0,0,25.52,0,1,0,0,29810.0,0,1,0,0.0,0,1,0,56,1838.32,0,3,1,1,34.79
173.29,2,156.72,42.74,3,1,0,29.75,0,1,0,0,16.57,3,1,1,127.67,0,1,0,1237,1.72,0,2,1,1,17.54
139.0,0,34.97,56.63,2,1,0,64.33,1,1,0,0,104.03,0,0,1,0.0,0,1,0,86,15.46,0,3,1,1,19.29
0.0,0,0.0,33.17,3,0,0,0.91,0,1,0,0,0.0,3,0,0,0.0,0,0,1,380,57.44,0,3,1,1,32.9
0.0,0,0.0,38.88,1,0,0,0.42,0,0,0,0,0.0,0,0,0,0.0,0,0,0,160,1.71,0,3,1,1,20.03
13792.0,0,745.0,62.27,2,0,1,44.91,1,1,0,0,13047.0,3,0,1,20071.0,1,0,1,932,295.07,1,3,0,1,19.5
0.0,0,0.0,37.03,1,0,0,14.71,0,0,0,0,0.0,0,0,0,0.0,0,0,0,126,28.3,0,1,1,0,13.37
0.0,3,0.0,37.13,2,0,0,8.37,0,1,0,0,0.0,3,1,1,0.0,1,1,1,680,462.79,0,3,1,1,30.05
0.0,0,0.0,39.75,0,0,0,14.38,0,0,0,0,0.0,3,0,0,0.0,0,0,0,56,14.5,1,1,1,0,0.0
4899.0,5,4522.26,53.49,3,1,1,24.74,1,1,0,0,376.73,3,1,1,69.27,0,1,1,1111,37.49,0,3,1,1,18.48
17.26,0,11.3,36.12,2,0,0,2.84,0,0,0,0,5.96,3,0,0,0.0,0,0,0,1101,9.35,0,1,1,0,23.07
233.54,0,161.01,42.18,2,1,1,24.25,1,1,0,0,72.53,0,0,1,41.31,0,1,0,1019,6.59,0,3,1,1,12.89
0.0,0,0.0,36.89,0,0,0,14.38,0,0,0,0,0.0,0,0,0,0.0,0,0,0,20,0.0,0,3,1,0,0.0
65.77,4,56.63,45.83,3,1,1,26.16,1,1,0,0,9.14,3,1,1,55.18,0,1,1,1522,3.32,0,3,1,1,16.07
43800.0,0,0.0,30.98,2,1,0,2.08,0,0,0,0,43800.0,3,0,0,0.0,0,1,0,164,9652.77,0,3,1,1,34.82
19.79,0,18.44,44.8,1,0,0,33.22,0,1,0,0,1.36,0,0,1,6.88,0,1,1,286,2.38,0,3,1,1,24.86
1.37,0,0.44,27.58,1,0,0,4.41,0,1,0,0,0.93,3,0,0,0.0,0,0,0,502,0.64,0,1,1,1,21.95
122.56,10,83.96,56.57,1,1,0,37.6,1,1,0,0,38.6,3,1,1,206.9,0,1,0,913,9.52,1,3,1,1,14.6
2220.0,4,1863.0,54.78,3,0,0,30.69,1,1,0,0,357.0,3,1,1,121.0,1,1,1,654,14.81,1,3,1,1,18.29
20730.0,3,14080.0,42.25,4,1,1,20.81,1,1,0,0,6650.0,3,1,1,0.0,0,1,1,621,88.86,1,3,1,1,24.63
1876.57,0,1033.3,51.62,2,0,0,29.51,1,1,0,0,843.28,3,0,1,0.0,1,1,0,1164,20.81,1,3,1,1,14.88
15934.8,0,244.83,68.86,2,0,1,56.63,1,1,0,0,15690.0,3,0,1,11009.3,1,0,0,1054,1176.95,0,3,1,1,16.73
0.0,0,0.0,32.12,2,0,0,0.0,0,0,0,0,0.0,3,0,0,0.0,0,0,0,369,5.65,0,1,1,0,29.2
33334.0,0,0.0,64.07,1,1,0,64.63,1,1,0,0,30206.0,3,0,1,26600.0,1,1,0,301,3031.28,0,3,1,1,27.52
934.35,6,848.52,62.11,5,0,1,58.77,1,1,0,1,85.83,3,1,1,3949.51,0,0,1,530,10.72,0,3,1,1,32.84
59.12,0,24.31,47.13,0,0,0,26.06,0,1,0,0,34.8,0,0,0,0.0,0,0,0,117,4.89,0,3,1,1,22.15
1130.79,0,1080.6,49.85,1,1,0,28.45,1,1,0,0,50.19,3,0,0,11.33,0,0,0,717,56.87,0,3,1,1,11.43
0.0,0,0.0,44.06,1,0,0,26.22,0,1,0,0,0.0,3,0,1,31.86,0,0,0,574,27.32,0,1,1,1,23.25
8566.74,0,2602.9,60.61,1,0,0,53.46,1,1,0,1,5963.84,3,0,1,0.0,1,0,1,663,645.43,1,3,1,1,20.68
1330.0,4,770.0,67.27,2,1,0,63.67,1,1,0,0,560.0,3,1,1,0.0,1,0,0,786,107.36,0,1,1,1,17.56
832.63,0,591.41,53.16,2,1,0,41.95,1,1,0,0,241.23,3,0,1,72300.0,0,1,1,576,32.71,0,3,1,1,15.8
0.0,5,0.0,51.19,2,0,0,20.14,0,0,0,0,12240.0,3,1,0,0.0,1,1,0,674,1320.91,0,1,0,1,23.5
105.18,0,90.6,33.91,2,0,0,12.02,0,1,0,0,14.58,0,0,0,0.0,0,0,0,222,15.15,1,3,1,1,11.63
0.0,0,0.0,32.52,0,0,0,0.33,0,0,0,0,0.0,0,0,0,0.0,0,0,0,92,4.66,0,1,1,0,0.0
48347.5,5,1153.07,61.44,2,0,1,52.55,1,1,0,0,47194.4,3,1,1,9379.24,1,1,0,373,3524.73,0,3,1,1,23.7
154.66,3,62.58,63.14,2,0,1,67.86,1,1,0,0,92.08,0,1,1,180.59,0,1,0,159,15.14,1,1,1,1,16.89
2101.56,0,240.02,36.71,3,0,0,20.72,0,0,0,0,1861.54,0,0,0,921.83,0,1,0,135,132.85,0,3,1,0,25.74
458.74,0,351.44,55.1,2,1,0,45.79,1,1,0,0,107.3,3,0,1,9271.49,0,1,1,608,27.13,1,3,1,1,20.55
0.0,0,0.0,41.5,2,1,0,16.79,0,1,0,0,0.0,3,0,1,0.0,0,1,1,566,277.02,1,3,1,1,20.21
83.94,0,0.0,40.32,2,1,0,16.97,0,1,0,0,0.0,3,0,1,0.0,1,0,0,569,7.66,0,1,1,1,27.3
266.83,4,193.43,45.75,1,0,0,31.62,0,1,0,0,73.39,3,1,1,0.0,0,0,0,1118,45.23,0,1,1,1,18.47
6650.0,0,1860.0,61.68,3,0,1,54.55,1,1,0,0,4790.0,3,0,1,9635.0,1,1,1,844,152.22,1,3,1,1,33.61
1031.0,0,506.0,74.19,3,1,0,74.78,1,1,1,0,525.0,3,0,1,12412.0,1,0,1,968,27.64,1,3,1,1,24.98
630.0,6,319.0,60.54,3,1,1,38.27,1,1,0,0,311.0,3,1,1,0.0,0,0,1,1124,14.65,0,3,1,1,27.84
52.37,0,6.54,48.79,0,0,0,27.06,1,1,0,0,45.83,0,0,1,0.0,1,0,0,90,7.03,0,3,1,1,0.0
0.0,0,0.0,37.8,4,0,0,14.38,0,0,0,0,0.0,3,0,0,0.0,0,1,0,706,3.12,0,6,1,0,18.94
70.99,0,58.87,67.08,1,1,1,65.09,1,1,0,0,12.12,3,0,0,514.04,0,0,0,1448,4.78,0,3,1,1,12.46
0.0,4,0.0,36.06,2,1,0,5.26,1,1,0,0,0.0,3,1,0,0.0,1,0,0,577,31.95,0,3,1,1,12.97
45.26,0,42.46,58.96,1,1,0,55.78,1,1,0,0,2.8,3,0,1,920.59,0,0,0,1003,3.12,1,1,1,1,20.09
178.08,0,156.42,40.54,2,1,0,19.96,1,1,0,0,21.66,0,0,1,0.0,0,1,1,169,6.55,0,3,1,1,26.19
54514.0,5,360.0,63.85,2,0,0,55.6,0,1,0,0,54154.0,3,1,1,10894.0,1,1,1,325,5309.13,0,3,1,1,34.15
17.09,3,13.89,48.1,2,0,0,18.45,0,1,0,0,3.2,3,1,0,0.0,0,1,0,776,0.67,0,3,1,1,17.3
0.0,0,0.0,37.57,2,0,0,14.71,0,0,0,0,0.0,0,0,0,0.0,0,0,0,315,16.5,0,3,1,0,20.45
27300.0,4,10000.0,72.85,1,0,0,63.46,1,1,0,0,17300.0,3,1,1,5220.1,1,0,1,661,2789.28,1,3,1,1,10.81
0.0,0,0.0,0.0,3,0,0,0.0,0,0,0,0,0.0,3,0,0,0.0,0,0,0,52,60.66,0,2,1,0,29.74
25200.0,5,7300.0,70.33,3,0,0,77.26,1,1,0,0,17900.0,3,1,1,38023.8,1,1,1,254,2112.6,0,3,1,1,24.78
13.84,0,5.36,46.55,0,0,0,38.48,0,0,0,0,8.48,0,0,0,0.0,0,0,0,68,0.0,0,3,1,0,0.0
0.0,0,0.0,38.3,1,0,0,14.38,0,0,0,0,0.0,3,0,0,0.0,0,0,0,380,4.74,0,3,1,0,21.71
128.85,0,82.89,55.76,2,0,0,34.25,1,1,0,0,45.97,3,0,1,46.28,0,0,0,848,2.29,0,3,1,1,19.22
0.0,0,0.0,33.61,2,0,0,7.07,0,0,0,0,0.0,3,0,0,0.0,0,1,0,757,19.16,0,3,1,0,22.23
4408.21,0,4344.69,58.69,4,0,1,41.29,1,1,1,0,63.52,3,0,1,14279.5,1,1,1,1490,30.27,1,0,1,1,24.14
0.0,0,0.0,27.78,2,0,0,0.0,0,0,0,0,0.0,0,0,0,0.0,0,0,0,116,17.41,0,1,1,0,22.37
332.26,6,170.12,63.59,2,1,0,58.44,1,1,0,0,162.14,3,1,1,1921.57,1,0,0,270,16.46,0,3,1,1,23.99
9690.0,0,4710.0,47.42,3,1,1,20.21,1,1,1,0,4980.0,3,0,1,34710.0,1,1,1,1314,144.93,1,3,1,1,30.28
29662.6,7,74.62,54.04,2,1,0,41.14,0,1,0,0,29588.0,3,1,1,1050.59,1,1,0,272,5213.11,0,3,1,1,29.44
40630.0,5,354.0,62.17,2,1,1,61.49,1,1,0,0,40276.0,0,1,1,24781.0,0,1,1,194,1145.27,0,3,1,1,29.1
91100.7,6,15739.4,65.23,2,0,1,56.33,1,1,0,0,75361.2,3,1,1,6124.29,1,1,0,339,3977.78,0,1,1,1,25.81
136.73,4,112.75,60.72,2,1,1,46.03,1,1,0,0,23.98,3,1,1,47.29,0,1,1,1091,2.65,1,3,1,1,18.38
0.0,0,0.0,31.45,1,0,0,0.0,0,0,0,0,0.0,3,0,0,0.0,0,0,0,331,4.35,0,3,1,0,29.09
0.0,4,0.0,38.22,2,1,0,15.8,1,0,0,0,0.0,3,1,0,0.0,0,1,0,663,2.04,0,3,0,1,25.32
2397.93,0,1778.68,49.74,0,0,0,39.5,0,0,0,0,619.26,3,0,1,0.0,0,0,0,1086,114.63,0,3,1,1,10.94
0.0,4,0.0,33.85,2,0,0,1.24,1,1,0,0,0.0,3,1,0,0.0,0,0,0,839,1.4,0,3,1,1,22.61
127.57,3,90.09,54.73,3,1,1,32.17,0,0,0,0,37.48,3,1,0,20.88,0,0,1,751,0.67,0,3,1,0,12.32
0.0,6,0.0,62.04,3,0,0,47.03,0,1,0,0,103.1,3,1,1,2855.4,0,1,1,1224,13.1,1,3,1,1,22.04
323.17,3,284.89,46.35,2,0,0,39.14,0,1,0,0,38.28,3,1,1,0.0,0,0,0,526,41.96,1,3,1,1,21.58
131.57,0,0.0,44.94,0,0,1,35.16,1,0,0,0,0.0,3,0,1,4.58,0,1,0,828,56.84,1,1,1,1,23.78
0.0,0,0.0,31.06,0,0,0,0.0,0,0,0,0,0.0,0,0,0,0.0,0,0,0,76,53.91,0,0,1,0,0.0
115.12,4,103.97,51.05,2,0,0,31.47,0,1,0,0,11.15,3,1,1,116.32,0,0,1,1067,0.73,0,3,1,1,11.48
831.09,0,776.5,52.74,3,1,1,46.33,1,1,0,1,54.59,3,0,1,25070.5,1,1,1,1383,3.6,1,3,1,1,16.41
152.0,5,113.5,60.46,1,1,0,41.98,0,1,0,0,38.5,3,1,1,35.85,0,0,0,1221,9.96,1,3,1,1,11.56
0.0,0,0.0,38.28,2,1,0,16.46,0,1,0,0,0.0,3,0,1,0.0,1,0,0,325,36.94,0,1,1,1,26.47
17363.0,0,2840.0,57.05,3,1,0,39.08,1,1,0,0,14523.0,3,0,1,0.0,1,0,0,610,221.02,0,3,1,1,36.4
0.0,0,0.0,34.56,1,0,0,2.08,0,1,0,0,0.0,3,0,1,0.0,0,0,0,390,34.37,0,3,1,1,9.94
0.0,0,0.0,32.18,2,0,0,0.33,0,0,0,0,0.0,3,0,0,0.0,0,0,0,646,8.16,0,3,1,0,21.75
0.0,0,0.0,29.23,0,0,0,0.0,0,0,0,0,0.0,0,0,0,0.0,0,0,0,116,11.28,0,1,1,0,0.0
28.37,0,27.42,40.29,3,0,0,19.87,1,1,0,0,0.95,3,0,1,11.67,0,0,0,546,1.94,0,3,1,1,24.59
7681.86,5,6662.16,71.65,3,1,1,61.91,1,1,0,0,1019.7,3,1,1,6765.11,0,1,1,829,45.5,1,3,1,1,22.07
410.67,4,295.68,56.08,3,1,0,46.27,1,1,0,0,114.99,0,1,1,0.0,1,1,0,179,56.23,0,3,1,1,16.95
112.03,0,96.92,37.94,1,0,0,6.58,0,1,0,0,15.11,3,0,0,194.95,0,1,0,1050,8.94,0,1,1,1,13.97
0.0,0,0.0,32.58,2,0,0,0.0,0,0,0,0,0.0,0,0,0,0.0,0,0,0,112,10.06,0,3,1,0,13.0
0.0,0,0.0,37.38,2,0,0,14.71,0,0,0,0,0.0,3,0,0,0.0,0,0,0,659,18.55,0,1,1,0,11.34
832.96,5,619.9,53.76,1,0,0,40.2,0,1,0,0,213.07,3,1,1,3056.19,0,0,1,557,51.42,1,1,1,1,15.35
6872.41,0,45.04,44.61,2,1,0,20.14,0,1,0,0,6827.37,0,0,1,0.0,1,0,0,109,1085.79,0,0,1,1,20.08
59.64,0,54.41,40.81,1,0,0,22.77,1,1,0,0,5.23,0,0,1,0.0,0,0,0,140,3.08,0,1,1,1,10.2
635.62,5,282.32,53.21,1,0,0,34.76,1,1,1,0,353.3,3,1,1,401.64,1,1,0,686,36.72,0,3,1,1,21.13
1354.59,0,914.99,62.96,2,1,0,47.93,1,1,0,0,439.59,3,0,1,8293.58,0,1,1,874,111.04,1,3,1,1,10.81
876.31,7,791.17,71.91,3,1,1,73.39,1,1,0,0,85.14,3,1,1,4819.11,1,1,0,955,8.27,0,3,1,1,27.15
150.16,6,142.15,63.37,3,0,0,54.15,1,1,0,1,8.01,3,1,1,17.19,0,0,1,920,6.99,0,3,1,1,21.48
0.0,0,0.0,38.76,2,0,0,17.64,1,1,0,0,0.0,3,0,1,0.0,1,0,0,451,27.38,1,3,1,1,15.74
621.0,0,314.0,68.39,3,0,0,62.52,1,1,0,0,307.0,3,0,1,4610.0,1,1,1,810,66.6,1,3,1,1,23.74
0.0,0,0.0,38.66,0,0,0,14.38,0,0,0,0,0.0,0,0,0,0.0,0,0,0,74,14.79,0,0,1,0,0.0
219.41,0,121.16,559.2,3,0,1,44.04,1,1,0,0,98.25,3,0,1,2173.67,0,1,0,917,29.06,1,3,1,1,26.74
0.0,0,0.0,38.02,0,1,0,16.46,0,1,0,0,0.0,3,0,1,0.0,0,1,0,79,24.17,1,3,1,1,0.0
0.0,0,0.0,30.79,1,0,0,0.0,0,0,0,0,0.0,3,0,0,0.0,0,0,1,0,250.68,0,3,1,0,16.02
1677.0,0,1440.0,58.76,1,1,0,56.93,0,1,0,0,237.0,0,0,1,5492.4,0,1,0,86,176.8,0,1,1,1,17.2
501.35,4,281.72,59.18,2,1,1,45.97,1,1,0,0,219.64,3,1,1,2458.57,0,1,0,954,12.08,1,3,1,1,14.26
0.0,0,0.0,35.8,0,0,0,5.16,0,0,0,0,0.0,0,0,0,0.0,0,0,0,93,45.81,0,1,1,0,0.0
108.62,4,40.17,61.88,3,1,1,54.12,1,1,0,0,68.45,3,1,1,436.27,0,1,1,1041,10.45,1,3,1,1,21.05
0.0,0,0.0,0.0,2,0,0,0.0,0,0,0,0,0.0,0,0,0,0.0,0,0,0,134,41.87,0,1,1,0,30.23
26.2,0,21.39,43.92,2,1,0,23.01,0,1,0,1,4.81,3,0,0,55.63,0,0,0,977,1.48,0,3,1,1,20.57
0.0,0,0.0,16.36,2,0,0,0.0,0,0,0,0,0.0,3,0,0,0.0,0,0,0,489,0.78,0,3,1,0,25.7
0.0,3,0.0,39.22,1,0,0,16.46,0,1,1,1,0.0,3,1,1,0.0,0,1,0,680,1.6,0,3,1,1,18.77
1116.0,0,892.0,43.86,4,0,0,23.32,1,1,0,0,224.0,3,0,1,0.0,1,1,1,246,25.86,0,3,1,1,34.68
270.49,0,160.59,41.15,0,0,0,24.71,1,1,0,0,109.9,0,0,0,0.0,1,0,0,145,56.97,0,3,1,1,0.0
51.33,0,47.96,32.54,3,0,0,6.31,0,1,0,0,3.37,3,0,1,0.0,0,1,0,957,0.15,0,3,1,1,22.33
0.0,0,15.56,36.06,2,1,0,3.65,0,1,0,0,0.0,3,0,0,95.5,0,1,0,370,3.09,0,3,1,1,16.49
350.02,3,284.25,49.24,2,1,0,27.3,0,1,0,0,65.77,3,1,1,0.0,1,1,0,676,69.32,0,3,1,1,13.44
85.13,0,53.87,61.3,2,0,1,52.94,1,1,0,0,31.26,3,0,1,0.0,0,1,0,758,5.18,1,3,1,1,26.33
0.0,0,0.0,31.95,0,0,0,0.0,0,0,0,0,0.0,0,0,0,0.0,0,0,0,136,7.03,0,1,1,0,21.71
372.0,0,137.0,54.49,2,0,0,37.12,0,1,0,0,235.0,3,0,1,59.0,1,1,1,1166,7.49,1,3,1,1,22.83
0.0,5,0.0,38.3,3,0,0,14.38,0,0,0,0,0.0,3,1,0,0.0,0,0,0,786,12.65,0,3,1,0,22.41
0.0,0,0.0,32.65,1,1,0,0.0,0,0,0,0,0.0,0,0,0,0.0,0,0,0,169,8.98,0,1,1,0,31.6
0.0,0,0.0,32.54,2,0,0,0.0,1,0,0,0,0.0,3,0,0,0.0,0,0,0,495,21.53,0,3,1,0,16.22
34.22,0,31.39,49.47,1,0,0,24.61,0,0,0,0,2.83,3,0,0,0.0,0,0,0,749,1.65,0,1,1,0,20.17
0.0,0,0.0,31.58,2,0,0,0.0,0,0,0,0,0.0,0,0,0,0.0,0,0,0,65,16.16,0,1,1,0,16.76
693.88,0,250.69,60.99,2,0,0,49.62,1,1,0,0,443.19,3,0,1,7.26,1,0,0,700,96.58,1,3,1,1,22.56
0.0,0,0.0,31.49,0,0,0,0.33,0,0,0,0,0.0,0,0,0,0.0,0,0,0,74,31.99,0,1,1,0,0.0
0.0,4,0.0,48.69,4,0,0,27.06,1,1,0,0,0.0,3,1,1,0.0,1,0,0,663,4.75,0,3,1,1,22.62
512.0,0,335.0,55.0,3,1,0,28.03,0,1,0,0,177.0,3,0,1,23.0,0,0,0,763,4.19,1,3,1,1,12.28
0.0,0,0.0,37.44,1,0,0,2.08,0,1,0,0,0.0,3,0,1,0.0,0,1,0,545,6.28,0,1,1,1,11.97
0.0,0,0.0,31.19,2,0,0,0.0,0,0,0,0,0.0,0,0,0,0.0,0,0,0,311,6.61,0,1,1,0,13.09
0.0,0,0.0,31.98,2,0,0,0.33,0,0,0,0,0.0,0,0,0,0.0,0,0,0,72,60.47,0,1,1,0,29.76
2250.0,5,1320.0,57.59,4,1,1,35.28,1,1,0,0,930.0,3,1,1,0.0,0,0,0,877,36.74,1,3,1,1,34.18
70.51,0,24.44,60.69,1,1,0,24.89,1,1,0,0,46.07,3,0,1,19.98,0,0,0,934,3.63,0,3,1,1,6.99
0.0,0,0.0,30.69,0,0,0,2.87,0,1,0,0,0.0,3,0,0,0.0,0,1,0,577,6.16,1,3,1,1,9.14
2847.4,4,1014.5,56.27,2,0,0,45.09,0,1,0,0,1812.9,3,1,1,0.0,0,0,1,484,564.08,1,3,1,1,29.27
0.0,0,0.0,34.42,2,0,0,0.82,0,1,0,0,0.0,3,0,0,0.0,0,0,1,852,1.32,0,3,1,0,20.83
0.0,0,0.0,48.67,2,0,0,28.51,1,1,0,0,6150.18,3,0,1,30466.9,1,1,1,345,1023.72,0,3,1,1,25.56
150.97,0,142.5,42.3,2,0,0,14.53,0,0,0,0,8.46,0,0,0,880.68,0,0,1,595,26.69,0,3,1,0,21.38
0.0,0,0.0,31.98,2,0,0,0.76,0,0,0,0,0.0,3,0,0,0.0,0,0,0,868,7.53,0,1,1,1,24.01
0.0,0,0.0,31.75,2,0,0,0.0,0,0,0,0,0.0,3,0,0,0.0,0,1,0,627,32.66,0,1,1,0,26.53
4586.27,4,31.01,49.01,2,0,0,11.78,0,0,0,0,4555.26,3,1,0,0.0,0,0,0,614,699.28,0,0,1,0,23.67
71000.0,4,5000.0,61.07,3,0,0,43.64,1,0,0,0,66000.0,3,1,1,400000.0,1,1,1,535,446.51,0,3,1,1,37.61
239.34,0,130.43,51.48,2,1,0,23.35,1,1,0,0,108.91,3,0,1,0.0,0,0,0,599,39.82,1,3,1,1,24.19
0.0,0,0.0,40.07,0,0,0,14.38,0,0,0,0,0.0,0,0,0,0.0,0,0,0,43,34.2,0,1,0,0,0.0
69.95,6,58.99,59.72,2,1,0,38.69,0,1,0,0,10.96,3,1,1,21.37,0,1,1,930,1.39,0,3,1,1,14.4
32.5,0,15.16,35.57,1,0,0,5.26,0,1,0,0,17.34,3,0,1,0.0,0,0,0,509,3.04,0,3,1,1,25.62
0.0,0,0.0,40.95,2,0,0,14.38,0,1,0,0,0.0,3,0,0,0.0,0,1,0,634,70.83,0,1,1,0,18.81
712.22,0,668.34,67.98,2,1,1,66.99,1,1,0,0,43.88,3,0,1,39520.6,1,1,1,1391,14.59,1,3,1,1,12.07
657.65,5,635.34,62.0,4,0,1,42.62,1,1,0,1,22.31,3,1,1,149.85,1,1,1,904,7.49,0,3,1,1,27.1
58.56,0,0.0,37.17,2,0,0,0.76,0,0,0,0,0.0,3,0,0,0.0,0,0,0,686,6.68,0,3,1,0,22.33
272.0,5,199.0,60.02,2,0,0,42.52,0,1,0,0,73.0,3,1,1,306.0,1,0,0,808,45.62,1,3,1,1,21.08
19162.0,0,6419.0,53.84,2,0,1,40.47,1,1,0,0,12743.0,3,0,1,15944.1,1,1,0,347,1964.23,0,1,1,1,21.29
1508.07,4,800.92,62.37,3,1,0,59.14,1,1,0,0,707.15,3,1,1,55127.6,1,1,0,1121,45.57,1,3,1,1,22.56
0.0,7,0.0,40.32,2,0,0,16.79,1,1,0,0,0.0,3,1,1,0.0,0,1,1,779,6.9,0,1,1,1,14.38
607.06,0,410.73,73.09,3,1,0,57.38,1,1,1,0,196.33,3,0,1,51201.7,1,1,0,1152,38.46,1,3,1,1,22.12
0.0,0,0.0,46.12,2,0,0,15.61,0,1,0,0,0.0,3,0,0,0.0,0,1,0,950,20.96,0,2,1,1,24.76
2132.77,0,1352.57,52.15,0,1,0,45.91,1,1,0,0,780.19,0,0,1,0.0,0,0,0,113,451.71,0,3,1,1,0.0
224.32,0,136.34,50.59,0,0,0,41.2,1,1,0,0,87.99,0,0,1,0.0,1,0,0,99,23.51,1,3,1,1,14.76
0.0,0,0.0,41.4,0,0,0,16.46,0,1,0,0,0.0,0,0,1,0.0,0,0,0,66,42.67,0,3,1,1,0.0
645.0,5,307.47,61.34,2,1,0,64.18,1,1,0,0,337.53,3,1,1,6656.49,1,0,0,648,80.53,1,3,1,1,32.76
20300.0,5,1100.0,63.49,2,0,0,52.4,1,1,0,0,19200.0,3,1,1,180179.0,1,1,1,590,483.41,0,3,1,1,34.9
4308.0,4,1240.0,50.04,3,0,1,31.35,1,1,0,0,3068.0,3,1,1,35000.0,1,0,0,721,335.88,0,3,1,1,23.09
370.44,0,54.05,45.27,2,0,0,32.04,1,1,0,0,316.39,3,0,1,797.17,1,0,0,491,50.85,0,0,1,1,25.79
0.0,0,0.0,33.53,0,0,0,0.33,0,0,0,0,0.0,0,0,0,0.0,0,0,0,7,16.3,0,1,1,1,0.0
2726.39,3,2106.01,46.15,2,1,0,33.55,0,1,0,0,620.38,3,1,1,4750.17,0,0,1,570,176.3,0,3,1,1,19.42
2508.42,0,0.0,40.51,3,0,0,19.93,1,1,0,0,0.0,3,0,1,0.0,1,0,1,813,17.5,1,2,1,1,24.19
95.55,0,63.43,44.77,2,0,0,27.09,0,0,0,0,32.12,0,0,1,46.62,0,0,1,92,13.58,0,1,1,1,32.7
0.0,0,0.0,37.24,0,0,0,2.6,0,1,0,0,0.0,3,0,1,0.0,1,1,0,860,13.16,0,3,1,1,13.2
0.0,5,0.0,39.58,1,1,1,2.42,0,1,0,0,0.0,3,1,1,0.0,0,0,0,414,139.1,1,1,1,1,9.81
4853.42,5,204.68,57.31,3,1,0,57.2,0,1,0,0,4648.74,3,1,1,153.92,1,0,0,823,385.68,0,3,1,1,20.09
872.84,6,566.88,69.96,2,1,1,69.59,0,1,0,0,305.97,3,1,1,815799.0,0,1,1,982,35.98,1,3,1,1,19.36
1274.1,5,1096.75,56.95,3,1,0,40.59,0,1,0,0,177.35,3,1,1,12271.5,0,1,1,959,4.69,1,3,1,1,22.86
0.0,0,0.0,32.24,2,0,0,0.42,0,0,0,0,0.0,3,0,0,0.0,0,0,0,576,2.47,0,1,1,1,22.06
542.13,0,0.0,42.54,0,1,0,21.9,0,1,0,0,0.0,0,0,1,0.0,0,0,0,134,71.96,0,3,1,1,0.0
0.0,4,0.0,38.35,2,0,0,15.61,0,1,0,0,0.0,3,1,0,0.0,0,0,0,1184,15.29,1,3,1,1,11.73
766.3,0,0.0,46.78,2,0,0,17.12,1,1,0,0,0.0,3,0,1,0.0,0,0,0,530,127.53,0,1,1,1,28.06
296.31,3,259.62,39.43,2,0,1,10.03,0,1,0,0,36.69,3,1,1,0.0,0,0,0,706,26.89,0,3,1,1,22.72
967.0,0,581.0,50.04,2,1,0,30.78,0,0,0,0,386.0,3,0,1,0.0,0,0,0,1137,56.76,0,3,1,1,16.64
0.0,2,0.0,35.45,0,0,0,1.75,0,0,0,0,0.0,0,1,0,0.0,0,0,0,73,649.75,0,3,1,0,0.0
537.4,0,484.4,45.18,2,0,1,34.07,0,1,0,0,53.0,3,0,1,15344.9,0,0,1,583,4.72,1,3,1,1,16.22
37267.9,5,273.46,68.06,2,1,0,61.79,1,1,0,0,36994.5,3,1,1,3883.5,0,1,1,504,977.09,1,3,1,1,26.13
359.86,0,339.45,41.95,2,0,0,27.97,0,0,0,0,20.41,0,0,0,0.0,0,0,0,139,22.64,0,3,1,0,16.2
0.0,0,0.0,32.93,2,0,0,2.6,0,1,0,0,0.0,3,0,1,0.0,1,0,0,768,3.63,0,1,1,1,22.57
0.0,0,0.0,31.73,1,0,0,0.0,0,0,0,0,0.0,3,0,0,0.0,0,1,0,544,20.94,0,1,1,0,17.24
0.0,0,0.0,37.25,3,0,0,15.28,0,1,0,0,0.0,3,0,0,0.0,0,0,0,375,10.62,0,1,1,1,21.4
0.0,0,0.0,32.33,2,0,0,0.0,0,0,0,0,0.0,3,0,0,0.0,0,0,0,618,60.64,0,3,1,0,17.11
0.0,0,0.0,37.42,2,0,0,15.28,0,1,0,0,0.0,3,0,0,0.0,0,0,0,587,50.99,0,3,1,1,15.08
51651.7,5,12243.6,64.73,2,0,0,65.99,1,1,0,0,39408.1,3,1,1,31548.5,1,1,1,397,3316.97,0,3,1,1,25.38
184.37,0,138.38,48.29,1,1,0,41.65,1,0,0,0,45.99,3,0,0,4107.98,0,0,0,718,21.7,0,1,1,1,25.09
0.0,0,0.0,0.0,0,0,1,0.0,1,0,0,0,0.0,3,0,0,0.0,0,0,1,579,0.0,0,3,1,0,0.0
36184.0,4,1938.0,67.32,2,0,0,73.06,1,1,0,0,32246.0,3,1,1,17389.8,1,1,0,300,2495.63,0,3,1,1,25.41
96570.3,6,28061.9,71.21,2,0,0,71.01,1,1,1,1,23.22,3,1,1,0.0,0,1,1,344,3789.42,0,3,1,1,27.63
0.0,5,0.0,39.08,3,0,0,17.97,1,1,0,0,0.0,3,1,1,0.0,1,1,0,568,222.38,0,3,1,1,28.95
868.32,0,805.2,56.44,2,0,0,49.32,1,1,0,0,63.12,0,0,1,90.28,0,0,1,0,25.2,0,3,1,1,16.08
7400.0,11,1600.0,67.8,2,0,0,60.34,1,1,0,0,5800.0,3,1,1,9029.85,1,1,0,345,799.76,1,3,1,1,24.36
183.99,0,154.43,55.64,2,1,1,43.25,1,1,0,0,29.55,3,0,1,554.0,1,1,0,1008,5.35,1,3,1,1,17.11
663.94,5,254.77,70.9,2,1,1,72.91,1,1,0,0,409.17,3,1,1,7017.81,1,1,1,1183,38.19,0,3,1,1,24.09
2200.0,0,1100.0,56.89,3,0,1,36.15,1,1,1,0,1100.0,3,0,1,15600.0,1,0,1,608,180.64,0,3,1,1,27.43
0.0,3,0.0,32.58,2,0,0,0.0,0,0,0,0,0.0,3,1,0,0.0,0,0,0,1019,25.96,0,3,1,0,10.36
1375.0,0,983.0,59.26,2,0,0,43.1,1,1,0,0,392.0,3,0,1,283.0,1,1,0,1112,30.08,1,3,1,1,32.4
0.0,0,0.0,35.51,0,0,0,1.24,0,1,1,0,0.0,0,0,0,0.0,0,0,0,147,34.04,0,3,1,1,0.0
715.99,0,569.37,51.31,2,0,0,32.59,0,1,0,0,146.63,3,0,1,0.0,0,0,1,711,48.29,0,3,1,1,29.47
0.0,0,0.0,22.94,0,0,0,3.17,0,0,0,0,13549.5,0,0,0,0.0,0,0,0,21,566.47,0,1,1,0,0.0
40050.0,3,3550.0,60.47,2,0,0,40.95,1,1,0,0,36500.0,3,1,1,903.23,1,1,1,440,3569.12,0,3,1,1,29.8
0.0,3,0.0,38.91,0,0,0,18.18,0,1,0,0,0.0,0,1,0,0.0,1,0,1,41,626.17,0,1,1,1,0.0
0.0,7,0.0,53.76,1,0,0,28.15,1,1,0,0,5405.64,3,1,1,0.0,0,1,0,505,416.08,0,3,1,1,36.25
1963.09,0,1916.41,54.51,1,1,1,33.92,1,1,1,0,46.69,3,0,1,1581.38,1,1,0,1060,418.53,0,3,1,1,11.79
0.0,0,0.0,29.86,2,0,0,0.0,0,0,0,0,0.0,3,0,0,0.0,0,0,0,538,3.9,0,3,1,0,23.09
93.93,6,59.39,62.78,2,0,1,52.43,1,1,1,0,34.54,3,1,1,2618.4,1,0,0,1002,5.36,1,3,1,1,25.91
812.24,0,642.87,68.35,2,0,0,58.2,1,1,1,1,69.37,3,0,1,19659.6,1,1,0,842,88.97,0,3,1,1,19.05
15646.0,5,6120.0,66.84,3,0,0,57.84,1,1,1,0,9526.0,3,1,1,110436.0,1,0,0,625,172.85,0,3,1,1,24.39
56.2,4,47.18,42.65,2,0,0,22.44,0,1,0,0,8.41,3,1,1,5.83,0,0,0,825,3.51,0,3,1,1,15.78
127000.0,4,8000.0,62.8,3,0,0,44.67,1,1,0,0,119000.0,3,1,1,0.0,1,0,1,531,692.79,0,3,1,1,36.47
0.0,0,0.0,33.1,2,0,0,0.91,0,1,0,0,0.0,3,0,0,0.0,0,0,0,803,49.57,1,0,1,1,26.4
16202.4,0,1049.99,60.76,2,0,0,63.7,1,1,0,0,15152.4,3,0,0,5837.83,0,1,1,667,308.59,1,3,1,1,20.45
0.0,0,0.0,35.26,1,0,0,0.0,0,0,0,0,0.0,3,0,0,0.0,0,0,0,428,12.84,0,3,1,0,23.94
0.0,5,0.0,40.01,1,0,0,14.38,0,0,0,0,0.0,3,1,0,0.0,0,1,1,769,7.17,0,3,1,0,18.08
105.27,0,91.52,47.04,2,0,1,25.22,1,1,0,0,14.05,3,0,1,12.9,0,0,0,606,10.25,0,3,1,1,18.75
4.17,0,3.74,38.92,3,0,0,8.4,1,1,0,0,0.43,0,0,1,0.08,0,0,0,165,0.67,0,3,1,1,22.75
19184.9,5,1099.86,61.11,3,0,0,61.43,1,1,1,0,18085.0,3,1,1,31905.2,1,1,0,304,1808.22,0,3,1,1,29.37
0.0,0,0.0,32.41,2,0,0,0.0,0,0,0,0,0.0,3,0,0,0.0,0,0,0,732,6.26,0,1,1,0,18.34
113.75,0,92.48,53.73,0,0,0,30.69,0,1,0,0,21.27,0,0,1,38.23,1,1,1,63,5.01,0,3,0,1,0.0
0.0,0,0.0,32.86,2,0,0,0.33,0,0,0,0,0.0,0,0,0,0.0,0,0,0,116,12.46,0,3,1,0,14.39
4792.77,8,3349.81,71.93,3,1,1,67.86,1,1,0,0,1142.96,3,1,1,174463.0,1,1,1,604,33.95,1,3,1,1,29.95
321.68,4,255.09,53.43,0,0,0,34.25,0,1,0,0,65.59,3,1,1,0.0,1,0,0,747,44.76,0,3,1,1,25.64
0.0,0,0.0,33.39,0,0,0,1.75,0,1,0,0,0.0,0,0,1,0.0,0,0,0,89,42.16,0,3,1,1,0.0
0.0,0,0.0,35.74,2,0,0,2.08,0,1,0,0,0.0,3,0,1,0.0,0,1,0,587,4.57,0,3,1,1,18.18
0.0,3,0.0,72.26,4,1,1,74.33,1,1,0,0,5240.16,3,1,1,5240.16,1,1,1,384,466.81,0,3,1,0,31.94
409.14,3,382.82,55.75,3,1,0,34.7,1,1,0,0,26.32,0,1,1,651.1,1,1,0,194,17.38,1,3,0,1,15.18
794.16,0,0.0,35.38,3,0,0,1.24,0,1,0,0,0.0,3,0,0,0.0,0,0,1,211,21.3,0,1,1,1,34.88
2800.0,5,0.0,56.42,3,1,0,34.25,1,1,0,0,1290.0,3,1,1,1510.0,1,1,0,516,42.77,0,1,1,1,40.81
875.0,3,591.0,65.21,2,1,0,54.58,1,1,0,0,284.0,3,1,1,14458.0,1,1,1,1001,59.36,1,3,1,1,21.51
6067.51,3,4322.76,79.0,4,1,1,74.45,1,1,1,0,1744.75,3,1,1,265146.0,1,1,1,605,38.34,0,3,1,1,30.89
0.0,0,0.0,41.45,2,0,0,25.58,0,1,0,0,0.0,3,0,1,0.0,0,0,0,623,19.04,0,3,1,1,12.64
5.95,0,5.05,38.12,0,0,0,15.04,0,0,0,0,0.9,0,0,0,2.3,0,0,0,121,0.94,0,3,1,1,0.0
92.38,3,45.94,62.27,2,1,0,46.3,1,1,0,0,46.45,3,1,1,38.19,1,0,1,1143,4.53,0,3,1,1,22.08
0.0,0,0.0,34.07,2,0,0,2.08,0,1,0,0,0.0,3,0,1,0.0,0,1,0,636,4.9,0,3,1,1,19.18
196.29,3,184.81,46.82,3,0,1,40.68,1,1,0,1,11.48,3,1,1,139.89,0,1,1,708,2.83,0,3,1,1,26.16
2742.31,4,1550.51,51.98,0,1,0,49.41,1,1,0,0,1191.8,0,1,1,0.0,1,1,0,90,166.96,0,3,1,1,0.0
2106.43,0,731.9,57.05,0,1,0,54.09,1,1,0,0,1374.53,0,0,1,2234.23,1,0,0,163,362.66,1,3,1,1,16.43
0.0,0,0.0,32.77,0,0,0,0.0,0,0,0,0,0.0,0,0,0,0.0,0,0,0,127,8.45,0,1,1,0,0.0
5010.19,3,271.23,66.02,2,1,0,50.26,1,1,0,0,4738.95,3,1,1,73.39,1,0,1,603,288.91,0,3,1,1,23.8
290.58,0,183.73,54.01,2,1,1,54.24,0,1,0,0,106.84,0,0,1,4306.23,0,0,0,136,36.21,0,3,1,1,14.51
34.22,5,20.25,57.36,1,0,1,37.93,1,1,0,0,13.97,3,1,1,48.01,0,1,0,752,1.19,0,3,1,1,16.17
13.08,6,7.63,60.45,2,0,0,58.26,1,1,0,0,5.45,3,1,1,489.04,0,0,0,805,2.35,1,3,1,1,9.36
0.0,0,0.0,34.95,2,0,0,1.96,0,0,0,0,0.0,0,0,0,0.0,0,0,0,0,34.1,0,1,1,0,28.24
0.0,0,0.0,43.26,2,0,0,19.33,1,1,0,0,0.0,3,0,0,38.8,0,0,0,690,2.54,1,3,1,1,13.48
351.98,0,225.72,66.31,3,1,0,65.84,1,1,0,0,126.26,3,0,1,6592.15,1,0,1,705,45.66,1,3,1,1,27.21
403.02,3,335.36,69.25,2,1,1,59.83,1,1,0,0,67.66,3,1,1,10019.3,1,1,1,842,13.1,1,3,1,1,11.94
2115.27,0,1681.64,48.41,2,0,1,20.6,0,1,0,0,433.63,3,0,1,3791.81,0,0,0,1272,17.24,1,3,1,1,12.54
2527.99,6,1048.84,45.99,3,0,0,24.89,1,0,0,0,1479.15,3,1,1,1342.63,1,1,1,382,67.75,0,3,1,1,29.31
694.0,5,478.0,53.38,3,0,0,26.06,0,1,0,0,216.0,3,1,1,0.0,0,0,1,716,128.54,1,3,1,1,27.86
318.2,5,252.3,69.78,2,1,1,61.82,1,1,1,0,65.9,3,1,1,44470.0,1,1,1,897,5.09,1,3,0,1,10.77
102.69,0,86.28,53.99,2,0,1,40.59,1,1,0,0,16.41,3,0,0,105.6,0,0,0,945,1.31,1,3,1,1,22.37
0.0,0,0.0,39.65,2,0,0,14.86,0,1,0,0,0.0,3,0,0,0.0,0,0,0,243,54.37,0,1,1,1,35.45
2692.86,4,892.28,50.7,1,0,0,42.01,0,1,0,0,1800.58,0,1,1,0.0,0,0,0,83,232.99,0,3,1,1,29.33
1257.66,3,1133.03,68.14,2,0,1,64.97,1,1,1,0,124.63,3,1,1,1346.7,1,1,1,910,21.19,1,3,0,1,14.77
0.0,0,0.0,16.53,0,0,0,0.0,0,0,0,0,0.0,0,0,0,0.0,0,0,0,4,26.38,0,1,1,0,0.0
674.83,0,540.72,54.49,2,0,0,43.19,0,1,0,0,134.12,3,0,1,472.34,0,0,0,872,36.82,1,3,1,1,19.6
3946.11,3,947.2,51.16,2,0,0,28.66,0,1,0,0,2998.91,0,1,1,2592.03,1,0,0,140,596.76,0,3,1,1,28.55
0.0,0,0.0,32.56,0,0,0,0.0,0,0,0,0,0.0,0,0,0,0.0,0,0,0,100,7.72,0,3,1,0,0.0
4377.0,3,2919.0,73.28,3,0,1,63.91,1,1,0,0,1458.0,3,1,1,20979.0,1,0,1,1128,89.51,1,3,1,1,17.26
0.0,4,0.0,34.41,2,0,0,1.24,0,1,0,0,0.0,3,1,0,0.0,0,0,0,838,10.05,0,3,1,1,16.34
12500.0,5,3700.0,52.93,3,0,0,27.57,1,1,0,0,8800.0,3,1,1,0.0,1,0,0,733,701.42,1,3,1,1,23.82
32.54,7,27.78,48.45,1,0,0,29.66,0,1,0,0,4.76,3,1,1,62.83,0,0,0,867,5.92,0,3,1,1,15.15
9.67,0,7.62,45.45,2,1,1,25.88,0,1,0,0,2.05,3,0,1,28.46,0,0,0,1185,0.48,0,3,1,1,16.2
88.46,0,51.68,40.41,2,1,0,21.29,0,1,0,0,36.78,3,0,0,97.24,0,0,1,846,6.02,0,1,1,1,19.24
1805.23,0,23.25,46.13,1,0,0,20.57,0,1,0,0,1781.98,3,0,0,1502.14,0,0,0,560,187.12,0,3,1,0,14.32
436.03,4,248.1,46.97,2,1,0,37.15,0,1,0,0,187.93,3,1,1,0.0,0,0,0,806,50.08,1,3,1,1,30.92
0.0,0,0.0,52.12,1,0,0,44.22,0,1,0,0,46.35,0,0,1,29.29,0,0,0,143,83.16,1,3,1,1,10.89
0.0,0,0.0,42.71,0,1,0,20.18,1,1,0,0,0.0,0,0,1,0.0,0,1,1,4,24.92,0,1,1,1,0.0
11.43,0,8.11,33.57,2,0,0,5.98,1,0,0,0,3.32,0,0,0,0.0,0,0,0,173,2.09,0,3,1,0,24.14
64.55,0,28.14,55.43,1,1,0,40.92,1,1,0,0,36.42,0,0,1,13823.6,0,1,1,261,2.93,0,3,1,1,7.47
1133.82,4,681.42,69.31,4,1,1,66.29,1,1,0,0,452.41,3,1,1,19764.8,1,1,1,1019,13.25,1,3,1,1,25.08
822.56,3,739.46,54.9,3,0,1,35.06,1,1,0,1,83.1,3,1,1,176.36,1,1,1,1050,4.82,0,3,1,1,29.02
0.0,4,0.0,44.94,4,0,0,17.64,0,1,0,0,0.0,0,1,1,0.0,1,1,1,52,6.95,0,3,1,1,23.42
1008.0,5,567.0,58.52,2,0,1,39.2,1,1,0,0,441.0,3,1,1,0.0,1,0,0,879,88.39,1,3,1,1,26.84
440.06,0,166.48,57.51,2,1,1,53.67,1,1,0,0,273.58,3,0,1,6428.21,0,0,0,681,44.95,1,3,1,1,21.19
60.43,5,45.9,51.75,1,1,1,35.82,0,1,0,0,14.53,3,1,0,52.97,0,0,0,798,7.34,0,3,1,1,23.15
4470.0,5,2390.0,70.87,2,1,0,71.55,1,1,0,0,2080.0,3,1,1,12103.0,1,0,1,886,212.26,1,3,1,1,22.05
17500.0,3,3400.0,67.45,2,0,0,36.12,1,0,0,0,14100.0,3,1,1,0.0,1,0,0,598,1283.27,0,3,1,1,18.55
0.0,0,0.0,21.29,2,0,0,2.08,1,1,0,0,0.0,3,0,1,0.0,0,0,0,434,0.36,0,3,1,1,0.0
0.0,0,0.0,40.66,0,0,0,16.46,0,1,0,0,0.0,3,0,1,0.0,0,0,0,746,36.97,1,3,1,1,16.91
553.93,0,506.9,45.16,2,0,0,26.94,1,1,0,1,47.03,0,0,1,499.9,0,0,1,188,24.4,0,3,1,1,12.63
0.0,0,0.0,43.3,3,0,0,17.12,1,1,0,0,0.0,3,0,1,0.0,0,0,0,570,73.46,1,3,1,1,35.3
6824.38,5,4035.72,51.83,3,0,0,37.24,1,1,0,0,2788.65,3,1,1,1685.86,0,0,1,778,47.73,1,3,1,1,21.39
0.0,4,0.0,42.49,2,0,0,16.46,0,1,0,0,0.0,3,1,1,0.0,0,0,0,332,21.19,0,1,1,1,29.66
0.0,4,0.0,39.15,2,1,0,14.38,0,0,0,0,0.0,3,1,0,0.0,0,0,1,871,32.54,0,1,0,0,19.04
92.56,0,65.14,57.98,1,0,0,45.39,1,1,0,0,27.43,3,0,1,34.56,0,1,0,1015,13.29,1,3,1,1,13.66
502.35,5,390.46,59.45,2,0,0,45.09,0,1,0,0,111.86,3,1,1,0.0,1,1,1,474,23.17,0,3,1,1,12.51
58.27,5,55.74,52.62,1,0,0,35.94,0,0,0,0,2.53,3,1,1,90.87,0,0,1,292,4.79,0,3,1,1,11.5
0.0,0,0.0,32.69,2,0,0,0.33,0,0,0,0,0.0,3,0,0,0.0,0,0,0,518,2.58,0,1,1,0,23.06
0.0,0,0.0,28.43,0,0,0,1.75,0,1,0,0,0.0,3,0,1,0.0,0,1,0,285,1.92,0,1,1,1,0.0
13.31,0,10.41,51.21,2,0,0,37.51,1,1,0,0,2.91,3,0,0,38.85,0,0,0,648,0.43,0,3,1,1,16.91
0.0,0,0.0,30.86,2,0,0,0.0,0,0,0,0,0.0,0,0,0,0.0,0,0,0,118,3.5,0,1,1,0,12.53
0.0,0,0.0,37.28,2,0,0,6.22,0,0,0,0,0.0,3,0,0,0.0,0,1,0,812,29.79,0,3,1,0,12.87
964.63,5,673.11,60.58,3,0,1,41.32,1,1,0,0,291.52,3,1,1,30551.0,1,0,0,218,14.97,0,3,1,1,28.36
0.0,0,0.0,33.99,2,0,0,3.59,1,1,0,0,0.0,3,0,1,0.0,1,0,0,450,7.06,1,1,1,1,16.48
2422.0,0,2022.0,53.85,3,0,1,40.02,0,1,0,0,400.0,3,0,1,0.0,1,0,1,1148,20.23,0,3,1,1,11.49
0.0,4,0.0,37.09,2,0,0,6.89,0,0,0,0,0.0,3,1,0,0.0,0,0,0,288,1.08,0,1,0,0,23.09
2261.77,0,1975.17,53.97,2,1,0,47.15,1,1,1,0,286.6,3,0,0,2178.5,0,0,0,580,114.52,0,3,1,1,24.01
0.0,0,0.0,31.5,1,0,0,0.0,0,0,0,0,0.0,3,0,0,0.0,0,0,0,546,7.1,0,1,1,0,26.16
729.7,0,631.86,42.89,2,0,0,22.41,0,1,0,0,97.84,0,0,1,0.0,0,0,0,184,22.12,1,3,1,1,16.81
0.0,0,0.0,37.67,0,0,0,14.38,0,0,0,0,0.0,0,0,0,0.0,0,0,0,17,5.94,0,0,1,0,0.0
57.22,0,28.7,54.19,2,1,0,39.47,0,1,0,0,28.52,0,0,1,47.3,0,0,0,229,1.7,0,3,1,1,9.95
44400.0,6,8000.0,60.63,3,0,0,48.23,1,1,0,0,36400.0,3,1,1,0.0,1,0,1,0,584.88,0,3,1,1,28.7
0.0,0,0.0,31.69,2,0,0,0.33,0,0,0,0,0.0,3,0,0,0.0,0,0,0,397,4.25,0,1,1,0,29.52
6836.3,0,5484.72,60.29,3,1,1,58.44,1,1,0,0,1351.58,3,0,1,8935.34,1,0,1,586,306.71,1,3,1,1,21.89
94.28,5,75.13,42.08,2,0,0,19.87,0,1,0,0,19.16,3,1,0,73.78,0,1,1,1049,6.6,0,3,1,1,19.45
317.0,0,211.0,45.59,1,0,0,16.97,0,1,0,0,106.0,3,0,1,0.0,0,0,0,808,27.72,0,3,1,0,25.93
0.0,0,0.0,32.9,1,0,0,0.33,0,0,0,0,0.0,0,0,0,0.0,0,0,0,160,76.7,0,4,1,0,35.7
57.69,0,52.86,57.65,4,1,0,38.42,1,1,0,0,4.83,3,0,1,495.96,0,1,1,1310,3.38,0,3,1,1,16.98
117.23,0,85.4,60.22,2,1,0,58.38,1,1,0,0,31.83,3,0,1,2463.04,0,0,0,792,22.36,1,1,1,1,26.53
679.5,3,565.2,46.14,3,1,0,35.1,1,1,0,0,114.31,3,1,1,12308.4,1,1,1,850,39.17,1,3,1,1,24.79
303.3,0,178.38,53.17,3,0,0,36.73,1,1,0,0,124.91,3,0,1,75.51,0,1,1,649,1.36,0,3,1,1,15.17
2868.69,0,0.0,43.59,0,0,0,28.09,1,1,0,0,0.0,0,0,1,0.0,1,0,1,85,3276.09,0,1,1,1,0.0
1208.1,6,424.6,74.92,3,0,1,69.95,1,1,0,0,783.5,3,1,1,6231.7,0,1,1,1232,27.81,1,3,1,1,21.84
1156.0,0,1137.0,48.39,4,1,1,35.34,1,0,0,0,19.0,3,0,1,652.0,0,1,0,948,31.31,0,3,1,1,32.54
112.48,5,96.47,54.95,2,0,0,43.52,1,1,0,0,16.02,3,1,1,7135.18,0,1,1,797,1.06,0,3,1,1,14.95
0.0,6,0.0,60.63,2,0,0,64.12,1,1,0,0,0.0,3,1,1,0.0,0,1,1,879,299.78,0,3,1,1,17.44
3091.25,5,3000.52,64.86,3,1,1,70.58,1,1,0,0,90.72,3,1,1,17834.5,1,1,1,2003,34.95,1,3,1,1,15.24
0.0,3,0.0,39.66,2,0,0,17.64,0,1,0,0,0.0,3,1,1,0.0,1,0,0,478,315.6,0,0,1,1,14.05
0.0,0,0.0,29.62,1,0,0,0.0,0,0,0,0,0.0,3,0,0,0.0,0,0,1,529,2.39,0,1,1,0,28.5
1103.63,0,667.17,62.91,2,1,0,48.47,0,1,0,0,436.46,3,0,1,4935.89,0,0,0,508,114.63,1,3,1,1,21.47
1781.22,5,961.29,61.69,3,1,0,52.91,1,1,0,0,819.93,3,1,1,18341.2,1,1,1,793,68.03,1,3,1,1,23.78
0.0,0,0.0,45.41,2,1,0,25.37,1,1,0,1,0.16,3,0,0,7.84,0,1,1,962,0.24,0,3,1,1,10.59
239.1,3,209.3,51.52,3,1,1,33.22,1,0,0,1,29.8,3,1,0,17990.82,0,1,0,956,3.93,0,3,1,1,22.38
5440.44,6,1686.66,80.97,2,0,0,86.17,1,1,0,0,3753.78,3,1,1,6997.2,1,0,1,699,766.84,0,3,1,1,36.87
89.94,3,74.65,61.97,3,1,0,51.65,1,1,0,0,15.29,3,1,1,1887.26,0,0,1,801,9.64,1,3,1,1,13.75
0.0,0,0.0,32.34,0,0,0,0.76,0,0,0,0,0.0,0,0,0,0.0,0,0,0,109,214.52,0,1,1,1,0.0
14.44,4,14.44,42.93,2,1,0,24.49,1,1,0,0,0.0,3,1,1,4.27,0,1,0,700,0.0,0,3,1,1,11.93
35.27,0,29.27,48.27,2,0,0,26.61,0,1,0,0,6.0,3,0,1,0.0,0,1,0,0,3.04,0,3,1,1,12.98
214.0,0,125.01,50.7,0,0,0,43.91,1,1,0,0,88.98,0,0,1,5.37,0,0,0,11,26.28,1,3,1,1,0.0
0.0,0,0.0,38.95,2,0,0,15.13,0,0,0,0,0.0,0,0,0,0.0,0,0,0,86,36.56,0,3,1,0,20.36
102.81,0,97.07,48.17,1,1,0,37.21,0,1,0,0,5.75,3,0,0,63.4,0,0,0,679,11.87,0,1,1,0,15.51
0.0,0,0.0,31.76,2,1,0,5.16,0,0,0,0,0.0,3,0,0,0.0,0,1,0,807,4.17,0,1,1,0,16.25
386.88,4,0.0,41.36,2,0,0,18.18,0,1,0,0,0.0,3,1,1,0.0,0,1,0,621,33.3,1,3,1,1,14.35
4690.0,6,1580.0,82.01,3,1,0,84.42,1,1,0,0,3110.0,3,1,1,6437.21,1,1,1,944,326.83,0,3,1,1,20.33
183.5,0,155.36,46.6,2,1,0,23.86,0,1,0,0,28.15,3,0,1,14.93,1,1,0,382,18.53,0,1,1,1,11.24
0.0,0,0.0,51.47,2,0,0,44.55,1,1,0,0,0.0,3,0,1,0.0,1,1,0,899,2969.73,0,3,1,1,27.53
301.05,3,259.1,62.15,3,1,1,55.12,1,1,0,0,41.94,3,1,1,19875.4,1,0,1,1180,7.79,1,3,1,1,16.95
0.0,0,0.0,45.23,2,0,1,16.79,1,1,0,0,0.0,0,0,1,0.0,0,0,0,138,20.93,1,2,1,1,15.75
5126.28,0,196.15,57.47,2,1,0,40.38,0,1,0,0,4930.13,3,0,0,6055.99,0,0,0,744,348.44,0,3,1,1,22.73
39.45,5,36.81,48.88,2,0,0,26.25,1,0,0,0,2.64,3,1,1,19.28,1,0,0,814,5.22,0,3,1,1,24.39
499.63,5,365.56,62.49,2,0,0,51.1,1,1,0,0,134.07,3,1,1,1367.41,1,1,0,206,24.27,0,3,1,1,27.4
2703.37,4,1791.02,42.88,0,0,0,16.43,1,1,0,0,2703.37,0,1,1,1791.02,1,0,0,55,2241.18,0,0,1,1,0.0
1330.0,0,320.0,42.69,2,0,0,10.36,0,1,0,0,1010.0,0,0,1,0.0,0,0,0,131,81.91,0,3,0,1,33.04
49900.2,3,189.0,61.15,2,1,0,58.95,1,1,0,0,49711.2,3,1,1,13.8,1,1,0,268,1595.13,0,3,1,1,31.62
0.0,0,0.0,54.36,2,0,0,52.64,0,1,0,0,4825.22,3,0,0,0.0,0,1,0,632,329.24,0,1,1,1,32.28
53.59,3,51.23,65.92,2,0,0,69.1,1,1,0,0,2.36,3,1,1,326.24,0,0,1,1512,6.03,1,3,1,1,13.45
0.0,0,0.0,31.53,1,0,0,0.0,0,0,0,0,0.0,3,0,0,0.0,0,0,0,577,4.19,0,1,1,0,20.75
14470.0,5,4100.0,60.04,2,1,0,46.93,1,1,0,0,10380.0,3,1,1,71000.0,1,1,0,418,1292.24,0,1,1,1,43.23
254.2,4,0.0,46.19,0,0,0,23.77,0,1,0,0,0.0,0,1,1,0.0,0,0,0,79,41.58,0,3,1,1,0.0
0.0,0,0.0,31.49,1,0,0,0.0,0,0,0,0,0.0,0,0,0,0.0,0,0,1,111,4.46,0,3,1,0,28.56
0.0,0,0.0,40.86,2,0,0,14.86,0,1,0,0,0.0,0,0,0,0.0,0,0,1,60,1033.38,0,1,1,0,40.43
96.02,0,65.41,37.97,1,0,1,10.99,0,1,0,0,30.61,3,0,0,144.1,0,1,0,713,5.08,0,3,1,1,18.18
5800.0,0,2600.0,53.48,1,0,0,32.32,0,1,0,0,3200.0,3,1,1,58100.0,1,0,0,685,621.79,0,3,1,1,23.98
527.84,0,513.07,53.07,2,0,1,47.18,1,1,0,0,14.76,3,0,1,991.71,1,0,0,953,16.76,0,3,1,1,13.92
0.0,0,0.0,32.74,1,0,0,0.76,0,0,0,0,0.0,3,0,0,0.0,0,0,0,591,37.16,0,3,1,1,13.03
161.9,0,96.4,64.16,3,0,0,60.74,0,1,0,0,65.5,0,0,1,89.99,0,0,0,96,19.17,1,3,1,1,19.83
0.0,0,0.0,0.0,0,0,0,0.0,0,0,0,0,0.0,3,0,0,0.0,0,0,0,707,0.0,0,3,1,0,0.0
3511.67,4,199.03,49.11,2,0,0,23.41,1,1,0,0,3312.65,0,1,1,0.0,1,0,1,74,1071.84,0,3,1,1,32.49
0.0,0,0.0,30.52,0,0,0,0.0,0,0,0,0,0.0,0,0,0,0.0,0,0,0,95,4.27,0,1,1,0,0.0
4372.86,0,2833.98,79.3,1,1,0,84.93,1,1,0,0,2833.98,3,0,1,3892.18,1,0,0,834,539.18,0,1,1,1,15.34
0.0,0,0.0,39.12,3,1,0,16.46,0,1,0,0,0.0,3,0,1,0.0,0,0,1,644,12.64,0,1,1,1,27.77
2980.0,0,1280.0,60.42,1,0,0,61.73,1,1,0,0,1700.0,3,0,1,220.0,1,0,0,533,458.54,0,3,1,1,16.66
558.06,0,0.0,42.82,2,0,0,19.93,0,1,0,0,0.0,3,0,1,0.0,0,0,0,580,57.76,0,3,1,1,29.2
0.0,0,0.0,38.44,0,0,0,15.19,0,1,0,0,0.0,0,0,0,0.0,0,0,0,113,4.65,1,1,1,1,0.0
68.1,3,57.4,47.46,2,1,1,29.36,1,1,0,0,10.7,3,1,1,26.5,0,1,0,1130,2.95,0,3,1,1,15.99
0.0,3,0.0,36.99,0,0,0,4.95,0,1,0,0,0.0,0,1,0,0.0,0,0,0,76,334.99,0,1,1,1,0.0
0.0,0,0.0,33.04,2,0,0,0.76,0,0,0,0,0.0,0,0,0,0.0,0,0,0,64,13.67,0,1,1,1,12.3
5207.24,4,1629.97,61.89,3,0,0,47.27,1,1,0,0,3577.27,3,1,1,62818.0,1,1,1,1178,80.28,1,3,1,1,15.94
0.0,0,0.0,32.69,2,0,0,0.33,0,0,0,0,0.0,0,0,0,0.0,0,0,0,77,39.93,0,1,1,0,17.41
1680.0,4,920.0,58.55,3,1,0,54.06,1,1,0,0,760.0,3,1,1,3680.55,1,1,1,976,16.98,1,3,1,1,25.34
4931.64,0,816.02,63.98,5,0,0,70.58,1,1,0,0,4115.62,3,0,1,44305.8,1,0,1,182,317.64,0,3,1,1,35.26
830.5,6,422.34,76.64,3,1,1,76.83,1,1,0,0,408.16,3,1,1,4919.76,1,1,0,269,25.13,1,3,1,1,23.79
35700.0,8,9200.0,58.34,3,0,0,37.6,0,1,0,0,26500.0,3,1,1,0.0,1,0,0,588,367.63,0,1,1,1,29.35
0.0,0,0.0,33.98,0,0,0,0.33,0,0,0,0,0.0,0,0,0,0.0,0,0,0,0,534.27,0,1,0,0,0.0
249.4,0,214.1,54.29,3,0,1,39.35,1,1,0,0,35.3,3,0,1,132.91,0,0,0,924,9.66,0,3,0,1,22.34
116.58,0,78.46,55.09,2,0,1,52.88,0,1,0,0,38.12,0,0,1,0.0,0,0,0,115,15.42,0,1,1,1,11.1
0.0,0,0.0,38.2,2,0,0,15.04,1,0,1,0,0.0,0,0,0,0.0,0,0,0,61,144.99,0,3,1,0,42.65
940.0,5,540.0,58.7,1,0,1,58.5,0,1,0,0,400.0,3,1,1,0.0,0,0,0,780,58.87,1,1,1,1,24.33
29947.0,5,328.57,60.46,2,0,0,59.44,1,1,0,0,29618.4,3,1,1,6698.58,1,1,1,276,5424.03,0,3,1,1,33.84
43.45,5,36.58,43.88,1,0,0,19.63,0,1,0,0,6.87,3,1,1,0.0,0,1,0,654,2.29,0,3,1,1,17.22
4738.62,6,2598.62,60.37,3,0,1,61.4,1,1,0,0,2138.0,3,1,1,210173.0,1,0,1,1254,71.7,1,3,1,1,26.61
0.0,0,0.0,32.94,1,0,0,1.15,0,1,0,0,0.0,3,0,0,0.0,0,0,0,790,4.7,0,3,1,0,20.87
72.52,3,58.21,54.67,1,0,0,33.07,1,0,0,1,14.31,3,1,1,31.48,0,1,1,948,0.8,0,3,1,1,16.21
14650.4,5,965.72,63.61,2,0,0,52.55,1,1,1,0,13864.6,3,1,1,11414.2,1,1,0,546,974.38,0,3,1,1,28.46
0.0,4,0.0,33.53,2,0,0,0.33,0,0,0,0,0.0,3,1,0,0.0,0,0,0,613,3.36,0,3,1,0,20.87
140.48,3,107.79,50.23,3,1,0,32.29,1,1,1,0,32.69,0,1,1,2961.96,0,1,0,265,8.6,1,3,1,1,15.58
214.26,0,135.97,65.9,4,1,0,72.09,1,1,0,0,78.29,3,0,1,111.25,0,1,0,966,0.0,0,3,1,1,16.59
0.0,4,0.0,35.08,2,1,0,0.33,0,0,0,0,0.0,3,1,0,0.0,0,0,0,498,62.96,0,3,1,0,35.02
0.0,5,0.0,45.29,3,0,1,16.46,0,1,0,0,0.0,3,1,1,0.0,0,0,0,1009,37.68,1,3,1,1,20.9
87.72,0,73.71,32.3,2,0,0,5.44,0,1,0,0,14.02,0,0,1,0.0,1,0,0,91,6.42,0,1,1,1,25.29
0.0,0,0.0,33.64,0,0,0,1.57,0,1,0,0,0.0,0,1,0,0.0,0,0,0,6,73.91,0,3,1,1,0.0
64.22,0,0.0,40.32,2,1,0,18.18,0,1,0,0,0.0,0,0,1,0.0,0,1,0,250,14.87,1,3,1,1,13.18
0.0,0,0.0,32.59,2,0,0,0.48,0,1,0,0,0.0,3,0,0,0.0,0,0,0,590,3.46,0,1,1,0,23.99
0.0,7,0.0,48.45,3,0,0,33.28,1,1,0,0,0.0,3,1,1,0.0,0,0,1,333,26.46,0,3,1,1,34.98
99.6,0,41.4,53.04,2,0,0,37.36,0,1,0,0,58.2,3,0,1,394.57,1,0,1,934,9.62,0,3,1,1,18.15
109.14,5,102.98,51.88,2,1,0,32.2,0,1,0,1,6.16,3,1,1,9.1,1,0,0,868,13.34,0,3,1,1,15.6
0.0,0,0.0,33.26,0,0,0,2.08,0,1,0,0,0.0,0,0,1,0.0,0,1,0,183,3.1,0,3,1,1,22.48
0.0,0,0.0,34.17,0,0,0,1.24,0,1,0,0,0.0,0,0,0,0.0,0,0,0,181,23.4,0,1,1,1,18.47
13500.6,6,301.47,53.7,3,1,0,26.46,1,1,1,0,13199.1,3,1,0,3299.81,0,0,0,803,1445.28,0,2,1,1,21.33
0.0,0,0.0,34.56,0,0,0,3.44,0,0,0,0,0.0,0,0,0,0.0,0,0,0,46,15.27,0,1,1,0,0.0
0.0,0,0.0,0.0,0,0,0,0.0,0,0,0,0,0.0,0,0,0,0.0,0,0,0,42,0.0,0,1,1,0,0.0
125.6,0,91.69,42.28,2,0,0,28.57,0,1,0,0,33.91,3,0,1,0.0,1,1,0,986,18.65,0,3,1,1,19.68
0.0,0,0.0,39.73,0,0,0,16.13,0,1,0,0,0.0,3,0,1,0.0,0,0,0,932,9.65,0,1,1,1,22.9
0.0,0,0.0,39.99,2,0,0,15.61,0,1,0,0,0.0,3,0,0,0.0,0,0,0,608,16.77,0,3,1,1,15.93
0.0,0,0.0,36.94,1,0,0,8.52,0,1,0,0,0.0,3,0,1,0.0,0,0,0,284,129.61,1,3,1,1,41.44
868.79,5,118.89,53.28,2,0,0,39.57,0,1,0,0,749.9,0,1,1,10677.4,0,0,0,185,91.44,0,3,1,1,16.09
32.72,0,29.73,52.36,1,1,0,34.04,1,0,0,0,2.99,3,1,0,36.47,0,1,0,1237,1.88,0,3,1,1,14.31
240.0,3,236.0,47.01,2,1,1,26.25,1,1,0,0,4.0,3,1,1,236.0,0,0,0,1254,12.93,0,3,1,1,13.18
0.0,0,0.0,31.71,0,0,0,0.33,0,0,0,0,0.0,0,0,0,0.0,0,1,0,66,54.2,0,1,1,0,0.0
9.97,4,0.0,31.02,0,0,0,1.75,0,0,0,0,0.0,0,1,0,0.0,0,0,0,83,2.29,0,1,1,0,22.17
0.0,0,0.0,28.21,3,0,0,0.0,0,0,0,0,0.0,0,0,0,0.0,0,0,0,28,128.87,0,4,1,0,51.46
0.0,0,0.0,32.07,0,0,0,0.0,0,0,0,0,0.0,0,0,0,0.0,0,0,0,124,40.16,0,1,1,0,0.0
6482.0,6,482.0,67.43,3,0,1,52.19,1,1,0,0,6000.0,3,1,1,51810.0,1,1,0,680,657.28,0,3,1,1,24.72
805.84,0,323.83,54.63,2,0,0,45.33,1,1,0,0,482.02,3,0,1,16.59,0,0,1,793,36.68,1,3,1,1,28.63
0.0,0,0.0,27.43,0,0,0,0.0,0,0,0,0,0.0,0,0,0,0.0,0,0,0,59,9.7,0,3,1,0,0.0
0.0,0,0.0,31.7,0,0,0,0.33,0,0,0,0,0.0,0,0,0,0.0,0,0,0,59,8.98,0,1,1,0,0.0
102000.0,4,0.0,51.51,2,0,0,39.53,1,1,0,0,96600.0,3,1,1,4974.44,1,1,0,307,4211.12,0,1,1,1,33.09
20584.7,0,46.97,61.9,2,0,0,58.77,1,1,0,0,20537.7,3,0,0,217.8,0,1,0,400,1222.08,0,3,1,1,32.39
0.0,0,0.0,32.84,0,0,0,0.0,0,0,0,0,0.0,0,0,0,0.0,0,0,0,97,44.67,1,3,1,0,0.0
0.0,0,0.0,44.12,0,0,0,24.89,0,1,0,0,0.0,0,0,0,0.0,0,0,0,182,39.33,1,3,1,1,0.0
470.73,5,361.58,50.81,1,0,0,47.33,0,1,0,0,109.16,3,1,1,9061.56,0,1,0,664,24.73,0,3,1,1,25.75
1127.6,5,808.0,50.59,3,1,1,33.83,1,1,0,0,319.6,3,1,1,14198.0,1,1,0,909,53.04,1,3,1,1,24.83
88.49,0,78.68,54.39,2,0,0,41.77,1,1,0,0,9.81,3,0,1,95.89,0,0,0,854,6.24,0,3,1,1,22.27
4825.66,0,2962.62,52.5,1,0,0,53.73,1,1,0,0,1863.05,3,0,1,0.0,0,0,0,688,412.83,0,0,1,1,32.21
0.0,0,0.0,31.84,0,0,0,0.0,0,0,0,0,0.0,3,0,0,0.0,0,0,0,66,13.39,0,1,1,0,0.0
0.0,0,0.0,37.44,3,1,0,15.28,0,1,0,0,0.0,3,0,0,0.0,0,0,0,675,29.94,0,1,1,1,28.52
27.49,3,25.74,39.56,2,0,0,10.03,0,1,0,0,1.75,3,1,1,12.44,0,0,1,712,0.64,0,3,1,1,17.22
1456.13,4,317.85,54.33,2,0,0,46.63,0,1,0,0,1138.28,3,1,1,14.63,1,0,0,606,30.13,0,3,1,1,12.06
32.96,0,30.8,46.38,1,0,0,21.2,1,1,0,0,2.15,3,0,1,8.02,0,1,0,841,3.51,0,3,1,1,17.05
0.0,0,0.0,42.02,0,0,0,16.79,0,1,0,0,0.0,0,0,1,0.0,1,0,0,142,4.68,0,3,1,1,0.0
0.0,0,0.0,43.52,2,0,0,26.7,1,1,0,0,7200.0,3,0,0,37900.0,1,0,1,237,1243.26,0,3,1,1,33.98
2892.83,0,2186.65,59.09,3,1,0,47.72,1,1,0,0,706.18,3,0,1,13.23,1,1,0,1113,26.49,1,3,1,1,14.72
0.0,0,0.0,32.69,2,0,0,0.0,0,0,0,0,0.0,0,0,0,0.0,0,1,0,110,10.01,0,1,1,0,11.48
0.0,0,0.0,34.96,3,0,0,0.33,0,0,0,0,0.0,0,0,0,0.0,0,0,1,103,39.34,0,1,1,0,35.19
1634.54,0,1433.61,42.63,0,0,0,18.76,0,1,0,0,200.92,0,0,1,0.0,0,0,0,54,75.6,0,3,1,1,0.0
0.0,0,0.0,45.36,3,1,1,33.83,1,1,0,0,0.0,3,0,1,0.0,0,0,1,1128,12.87,0,3,1,1,28.54
2268.37,0,1110.82,65.86,2,0,0,61.88,1,1,0,0,1157.55,3,0,1,0.0,1,0,0,1300,147.83,1,3,1,1,19.93
678.34,0,475.15,47.67,2,0,0,31.5,0,1,0,0,203.2,3,0,0,0.0,0,1,0,241,43.36,0,3,1,1,33.81
488.21,0,332.95,46.3,3,1,0,21.26,0,1,0,0,155.26,3,0,1,0.0,0,1,0,1372,19.92,1,3,1,1,13.52
0.0,0,0.0,35.31,0,0,0,0.0,1,0,0,0,0.0,0,0,0,0.0,0,1,0,122,24.05,0,0,1,0,29.21
784.28,3,684.38,48.15,2,0,0,34.46,1,1,0,0,99.91,3,1,1,79.51,0,0,0,943,17.91,1,3,1,1,14.43
0.0,0,0.0,32.58,2,0,0,0.0,0,0,0,0,0.0,0,0,0,0.0,0,0,0,112,4.34,0,1,1,0,22.59
265.8,0,189.49,39.3,2,0,0,12.87,0,1,0,0,76.31,3,0,1,0.0,0,1,0,922,24.57,1,1,1,1,13.76
55.47,0,29.88,57.33,1,0,0,34.25,1,0,0,0,25.29,3,0,1,18.58,0,1,0,847,1.13,0,3,1,0,20.52
0.0,4,0.0,37.73,2,0,0,2.08,0,1,0,0,0.0,3,1,1,0.0,0,1,0,832,12.87,0,3,1,1,18.16
6223.58,0,2727.27,59.32,4,1,0,59.53,0,1,0,0,3496.31,3,0,1,0.0,1,1,0,535,146.43,1,3,1,1,36.67
350.52,6,287.19,48.23,3,0,0,34.31,0,0,0,0,63.33,3,1,0,85.86,0,1,0,723,11.37,0,3,0,1,30.05
0.0,0,0.0,31.18,4,1,0,0.33,0,0,0,0,0.0,3,0,0,0.0,0,1,0,530,9.85,0,5,1,0,29.23
1262.17,4,0.68,41.74,2,0,0,18.3,1,0,0,0,1261.48,3,1,1,0.0,0,0,0,479,245.07,0,3,1,1,34.0
0.0,0,0.0,34.67,2,0,0,0.0,0,0,0,0,0.0,3,0,0,0.0,0,0,0,645,18.74,0,1,1,0,15.46
11759.2,5,885.34,51.3,2,1,0,36.42,1,1,0,0,10873.9,3,1,1,17.14,1,0,1,960,526.61,0,2,1,1,25.26
33466.5,6,193.48,47.31,2,0,0,31.23,1,1,0,0,33273.1,0,1,0,6867.17,1,1,0,154,1166.03,0,3,1,1,30.1
0.0,3,0.0,35.09,0,1,0,3.59,1,1,0,0,816.65,0,1,1,0.0,1,0,0,110,40.43,0,1,1,1,0.0
375.74,5,41.19,52.53,1,0,0,50.47,0,1,0,0,334.55,3,1,1,5.4,0,0,0,804,51.12,0,3,1,1,18.45
35376.0,6,3256.0,43.67,3,0,0,21.59,0,1,0,0,32210.0,0,1,0,0.0,0,1,0,56,1838.32,0,3,1,1,34.79
167.69,2,153.75,50.45,3,1,0,32.89,0,1,0,0,13.93,3,1,1,298.68,0,1,0,1237,1.72,1,2,1,1,17.54
164.27,0,33.13,55.64,2,1,0,62.91,1,1,1,0,131.14,0,0,1,0.0,0,1,0,86,15.46,0,3,1,1,19.29
0.0,0,0.0,33.17,3,0,0,0.91,0,1,0,0,0.0,3,0,0,0.0,0,0,0,380,57.44,0,3,1,1,32.9
30.14,4,22.42,44.79,1,0,0,13.65,0,1,0,0,7.72,0,1,1,33.83,0,0,0,160,1.71,0,3,1,1,20.03
14635.0,0,784.0,64.65,2,0,1,51.68,1,1,0,0,13851.0,3,0,1,21783.0,1,0,0,932,295.07,1,1,0,1,19.5
765.8,3,179.0,43.06,1,0,0,28.0,0,0,0,0,586.8,0,1,0,0.0,0,0,0,126,28.3,1,3,1,1,13.37
0.0,3,0.0,39.01,2,0,0,8.37,0,1,0,0,0.0,3,1,1,0.0,1,1,0,680,462.79,0,3,1,1,30.05
0.0,0,0.0,39.15,0,0,0,14.38,0,0,0,0,0.0,3,0,0,0.0,0,0,0,56,14.5,1,1,1,0,0.0
44418.82,6,4033.58,55.76,3,1,1,31.56,1,1,0,1,385.24,3,1,1,98.19,0,1,0,1111,37.49,0,3,1,1,18.48
16.55,0,10.89,31.94,2,0,0,2.84,0,0,0,0,5.66,3,0,0,0.0,0,0,0,1101,9.35,0,2,1,0,23.07
0.0,0,0.0,0.0,2,1,1,0.0,1,0,0,0,0.0,3,0,0,0.0,0,1,0,1019,6.59,0,3,1,0,12.89
0.0,3,0.0,36.89,0,0,0,14.38,0,0,0,0,0.0,0,1,0,0.0,0,0,0,20,0.0,0,3,1,0,0.0
734.0,0,332.0,58.12,4,0,0,42.28,1,1,0,0,402.0,3,0,1,0.0,0,0,0,463,45.72,1,3,1,1,29.56
63.23,4,54.6,45.97,3,1,1,26.16,1,1,0,0,8.62,3,1,1,224.16,0,1,1,1522,3.32,0,3,1,1,16.07
118650.0,0,0.0,34.61,2,1,0,2.51,0,0,0,0,118650.0,3,0,0,0.0,0,1,0,164,9652.77,0,1,1,1,34.82
17.5,0,16.17,47.56,1,0,0,33.22,0,1,0,0,1.33,0,0,1,6.01,0,1,0,286,2.38,0,3,1,1,24.86
1.5,0,0.46,37.05,1,0,0,7.01,1,1,0,0,1.04,3,0,1,7.1,0,0,0,502,0.64,0,3,1,1,21.95
128.25,10,90.81,56.19,1,1,0,39.02,1,1,1,0,37.45,3,1,1,25823.9,0,1,0,913,9.52,1,3,1,1,14.6
2009.0,4,1639.0,55.02,3,0,0,29.84,1,1,0,0,370.0,3,1,1,120.0,1,1,1,654,14.81,1,3,1,1,18.29
18680.0,3,12160.0,46.63,4,1,1,22.53,1,1,0,0,6520.0,3,1,1,0.0,0,1,1,621,88.86,1,3,1,1,24.63
1925.34,0,1027.81,52.57,2,0,0,32.35,1,1,0,0,897.52,3,0,1,0.0,1,1,0,1164,20.81,1,3,1,1,14.88
16518.2,0,246.09,66.18,2,0,1,56.87,1,1,0,0,16272.1,3,0,1,11205.4,1,0,0,1054,1176.95,0,3,1,1,16.73
0.0,0,0.0,32.12,2,0,0,0.0,0,0,0,0,0.0,3,0,0,0.0,0,0,0,369,5.65,0,1,1,0,29.2
27104.0,0,75.0,65.54,1,1,0,67.47,1,1,0,0,27029.0,3,0,1,32087.0,1,1,1,301,3031.28,0,3,1,1,27.52
928.52,4,833.2,68.95,5,0,1,58.77,1,1,0,1,95.32,3,1,1,3781.8,0,0,0,530,10.72,0,3,1,1,32.84
58.78,0,20.01,50.08,0,0,0,26.06,0,1,0,0,38.77,0,0,0,0.0,0,0,0,117,4.89,0,3,1,1,22.15
1156.55,0,1110.29,55.0,1,1,0,44.94,1,1,0,0,46.27,3,0,0,18.13,0,0,0,717,56.87,1,3,1,1,11.43
0.0,0,0.0,39.46,1,0,0,16.79,0,1,0,0,0.0,3,0,1,0.0,0,0,0,574,27.32,0,2,1,1,23.25
8794.99,0,2621.23,60.61,1,0,0,53.46,1,1,0,0,6173.76,3,0,1,0.0,1,0,1,663,645.43,1,3,1,1,20.68
1130.0,4,700.0,67.79,2,1,0,63.67,1,1,0,0,430.0,3,1,1,0.0,1,0,1,786,107.36,0,1,1,1,17.56
808.96,0,613.68,58.94,2,1,0,49.38,1,1,1,0,195.27,3,0,1,71700.0,0,1,0,576,32.71,0,3,1,1,15.8
11800.0,5,1100.0,60.01,2,0,0,44.19,1,1,0,0,10700.0,3,1,1,0.0,1,1,1,674,1320.91,0,3,0,1,23.5
102.32,0,87.33,38.36,2,0,0,12.35,1,1,0,0,14.99,0,0,0,0.0,0,0,0,222,15.15,1,3,1,1,11.63
0.0,7,0.0,32.52,0,0,0,0.33,0,0,0,0,0.0,0,1,0,0.0,0,0,0,92,4.66,0,1,1,0,0.0
47946.0,6,711.3,74.65,2,0,1,74.75,1,1,0,0,47234.7,3,1,1,8381.95,1,1,0,373,3524.73,0,3,1,1,23.7
151.88,4,60.94,63.07,2,0,1,65.69,1,1,0,0,90.94,0,1,1,918.51,0,1,1,159,15.14,1,3,1,1,16.89
2024.16,0,236.68,48.47,3,0,0,37.51,1,1,0,0,1787.48,0,0,1,771.06,0,1,1,135,132.85,1,3,1,1,25.74
203.49,0,155.44,55.63,2,1,0,45.79,1,1,0,0,48.05,3,0,1,28941.9,0,1,1,608,27.13,1,3,1,1,20.55
1925.0,0,1925.0,50.93,2,1,0,24.74,0,1,0,0,0.0,3,0,1,0.0,0,1,1,566,277.02,1,3,1,1,20.21
97.27,5,0.0,42.93,2,1,0,24.83,0,1,0,0,0.0,3,1,1,0.0,1,0,0,569,7.66,0,3,1,1,27.3
289.11,5,205.17,47.61,1,0,0,35.4,0,1,0,0,83.94,3,1,1,0.0,0,0,0,1118,45.23,0,1,1,1,18.47
5830.0,5,1780.0,63.78,3,0,1,54.55,1,1,0,0,4050.0,3,1,1,8925.0,1,1,1,844,152.22,1,3,1,1,33.61
1051.0,7,518.0,74.64,3,1,0,70.55,1,1,0,0,533.0,3,1,1,14363.0,1,0,1,968,27.64,1,3,1,1,24.98
623.0,6,308.0,62.63,3,1,1,38.27,1,1,0,0,315.0,3,1,1,0.0,0,0,0,1124,14.65,0,3,1,1,27.84
52.53,0,6.46,50.71,0,0,0,30.5,1,1,0,0,46.08,0,0,1,40.64,1,0,0,90,7.03,0,3,1,1,0.0
0.0,0,0.0,37.8,4,0,0,14.38,0,0,0,0,0.0,3,0,0,0.0,0,1,0,706,3.12,0,4,1,0,18.94
67.93,0,56.11,67.73,1,1,1,65.09,1,1,0,0,11.82,3,0,0,544.15,0,0,0,1448,4.78,0,3,1,1,12.46
457.09,3,185.55,38.61,2,1,0,6.37,1,1,0,0,271.54,3,1,0,0.0,1,0,0,577,31.95,0,3,1,1,12.97
40.1,0,36.91,59.3,1,1,0,55.78,1,1,0,0,3.19,3,0,1,987.04,0,0,0,1003,3.12,1,2,1,1,20.09
146.18,0,127.77,42.09,2,1,0,19.96,1,1,0,0,18.41,0,0,1,0.0,0,1,1,169,6.55,0,3,1,1,26.19
49451.0,4,359.0,66.14,2,0,0,62.49,0,1,0,1,49092.0,3,1,1,10139.2,1,1,1,325,5309.13,0,3,1,1,34.15
17.06,4,13.01,50.13,2,0,0,21.96,1,1,0,1,4.05,3,1,0,19.77,0,1,0,776,0.67,0,3,1,1,17.3
0.0,0,0.0,37.57,2,0,0,14.71,0,0,0,0,0.0,0,0,0,0.0,0,0,1,315,16.5,0,3,1,0,20.45
27300.0,4,10700.0,70.77,1,0,0,57.2,1,1,0,0,16600.0,3,1,1,6600.0,1,0,1,661,2789.28,1,3,1,1,10.81
0.0,0,0.0,0.0,3,0,0,0.0,0,0,0,0,0.0,3,0,0,0.0,0,0,0,52,60.66,0,3,1,0,29.74
24300.0,5,6600.0,73.08,3,0,0,77.26,1,1,0,0,17700.0,3,1,1,39600.0,1,1,1,254,2112.6,0,3,1,1,24.78
14.97,0,5.2,48.87,0,0,0,40.23,0,1,0,0,9.77,0,0,1,0.0,0,0,0,68,0.0,0,3,1,1,0.0
0.0,0,0.0,38.41,1,0,0,14.71,0,0,0,0,0.0,3,0,0,0.0,0,0,0,380,4.74,0,1,1,0,21.71
126.09,0,86.86,56.17,2,0,0,29.39,1,1,0,0,39.23,3,0,1,37.59,0,0,0,848,2.29,0,3,1,1,19.22
0.0,0,0.0,33.83,2,0,0,3.47,0,1,0,0,0.0,3,0,1,0.0,0,1,0,757,19.16,0,3,1,1,22.23
5183.0,0,5116.95,58.69,4,0,1,51.43,1,1,0,0,66.69,3,0,1,11669.0,1,1,0,1490,30.27,1,1,1,1,24.14
0.0,0,0.0,25.23,2,0,0,0.0,0,0,0,0,0.0,0,0,0,0.0,0,0,0,116,17.41,0,1,1,0,22.37
305.77,6,151.26,64.24,2,1,1,66.93,1,1,0,0,154.51,3,1,1,5568.02,1,0,0,270,16.46,0,1,1,1,23.99
11260.0,3,5500.0,50.77,3,1,1,21.9,1,1,1,0,5760.0,3,1,1,39910.0,1,1,1,1314,144.93,1,3,1,1,30.28
24476.5,6,62.84,54.99,2,1,0,44.0,1,1,0,0,24413.7,3,1,1,855.19,1,1,0,272,5213.11,0,3,1,1,29.44
41439.6,4,296.13,61.18,2,1,1,59.53,1,1,1,0,41143.5,0,1,1,22042.0,0,1,1,194,1145.27,0,3,1,1,29.1
79290.4,7,14514.1,64.79,2,0,1,57.99,1,1,1,0,64776.3,3,1,1,5553.25,1,1,0,339,3977.78,0,1,1,1,25.81
138.33,4,113.96,61.68,2,1,1,46.36,1,1,1,0,24.36,3,1,1,51.68,0,1,0,1091,2.65,1,3,1,1,18.38
0.0,0,0.0,31.56,1,0,0,0.33,0,0,0,0,0.0,3,0,0,0.0,0,0,0,331,4.35,0,3,1,0,29.09
110.9,4,93.78,39.85,2,1,0,20.05,1,0,0,0,17.12,3,1,0,419.17,0,1,0,663,2.04,0,3,0,1,25.32
2336.9,0,1780.62,52.04,0,0,0,38.63,0,0,0,0,556.28,3,0,1,0.0,1,0,0,1086,114.63,0,3,1,1,10.94
18.12,4,15.81,41.57,2,0,0,10.66,1,1,0,0,2.31,3,1,0,0.0,0,0,0,839,1.4,0,3,1,1,22.61
120.31,3,86.71,57.8,3,1,1,39.57,1,0,0,0,33.6,3,1,0,28.36,0,0,0,751,0.67,0,3,1,0,12.32
309.88,7,173.92,64.96,3,0,0,53.31,0,1,0,0,135.95,3,1,1,2829.35,0,1,0,1224,13.1,1,1,1,1,22.04
311.48,3,271.63,57.44,2,0,0,54.42,1,1,0,0,39.85,3,1,1,0.0,0,0,0,526,41.96,1,3,1,1,21.58
124.57,0,0.0,48.3,0,0,1,33.74,1,0,0,1,0.0,3,0,1,7.03,0,1,1,828,56.84,1,3,1,1,23.78
0.0,0,0.0,32.43,0,0,0,0.0,0,0,0,0,0.0,0,0,0,0.0,0,0,0,76,53.91,0,3,1,0,0.0
119.86,4,102.81,52.49,2,0,1,33.22,0,1,0,0,17.05,3,1,1,1191.21,0,0,1,1067,0.73,0,3,1,1,11.48
912.67,0,890.19,54.36,3,1,1,48.05,1,1,0,0,50.54,3,0,1,25065.2,1,1,1,1383,3.6,1,2,1,1,16.41
142.4,6,103.1,59.58,1,1,1,38.33,1,1,0,0,39.3,3,1,1,29.0,0,0,0,1221,9.96,1,3,1,1,11.56
437.45,0,70.01,44.93,2,1,0,33.59,0,1,0,0,367.44,3,0,1,193.96,1,0,0,325,36.94,0,1,1,1,26.47
17810.0,4,3010.0,53.6,3,1,0,42.46,1,1,0,0,14800.0,3,1,1,0.0,1,0,0,610,221.02,0,3,1,1,36.4
0.0,0,0.0,33.09,1,0,0,1.24,0,1,0,0,0.0,3,0,1,0.0,0,0,0,390,34.37,0,1,1,1,9.94
50.85,0,50.81,35.34,2,0,0,5.26,1,0,0,0,0.04,3,0,0,86.59,0,0,0,646,8.16,0,3,1,0,21.75
0.0,0,0.0,33.42,0,0,0,0.0,0,0,0,0,0.0,0,0,0,0.0,0,0,1,116,11.28,0,1,1,0,0.0
23.93,0,22.91,46.96,3,0,0,24.22,1,1,0,0,1.02,3,0,1,13.52,0,0,0,546,1.94,0,3,1,1,24.59
7006.08,5,6015.12,70.95,3,1,1,60.5,1,1,0,0,990.96,3,1,1,6291.54,0,1,1,829,45.5,1,3,1,1,22.07
410.7,4,298.96,54.87,3,1,0,46.27,1,1,0,0,111.74,0,1,1,0.0,1,1,0,179,56.23,0,3,1,1,16.95
131.96,0,108.51,47.58,1,0,0,10.93,1,1,0,0,23.45,3,0,0,205.91,0,1,0,1050,8.94,0,3,1,1,13.97
0.0,0,0.0,37.91,2,0,0,15.22,0,0,0,0,0.0,0,0,1,0.0,0,0,0,112,10.06,0,3,1,0,13.0
0.0,0,0.0,40.44,2,0,0,15.95,0,1,0,0,0.0,3,0,0,0.0,0,0,0,659,18.55,0,1,1,1,11.34
66.07,0,38.19,37.49,1,0,0,19.48,0,1,0,0,27.87,3,0,0,0.0,0,0,0,482,9.52,0,3,1,0,19.14
600.97,6,405.34,54.92,1,0,0,40.53,0,1,0,0,195.63,3,1,1,3321.58,0,0,1,557,51.42,1,1,1,1,15.35
6996.39,0,43.23,45.25,2,1,0,20.48,1,1,0,0,6953.15,0,0,1,0.0,1,0,1,109,1085.79,0,3,1,1,20.08
50.68,0,47.13,41.76,1,0,0,19.63,1,1,0,0,3.55,0,0,1,0.0,0,0,0,140,3.08,0,1,1,1,10.2
705.6,5,322.49,60.67,1,0,0,50.8,1,1,1,0,383.1,3,1,1,2443.51,1,1,0,686,36.72,0,3,1,1,21.13
1240.9,0,806.23,64.53,2,1,1,47.93,1,1,0,0,434.67,3,0,1,8636.04,0,1,0,874,111.04,1,3,1,1,10.81
791.41,7,728.77,70.71,3,1,1,67.9,1,1,0,1,62.64,3,1,1,4867.84,1,1,1,955,8.27,0,3,1,1,27.15
138.31,3,130.21,64.65,3,0,0,53.82,1,1,0,1,8.1,3,1,1,14.61,0,0,1,920,6.99,0,3,1,1,21.48
0.0,0,0.0,38.76,2,0,0,17.64,1,1,0,0,0.0,3,0,1,0.0,1,0,0,451,27.38,1,3,1,1,15.74
741.0,0,431.0,69.45,3,0,0,62.52,1,1,0,0,310.0,3,0,1,4270.0,1,1,0,810,66.6,1,3,1,1,23.74
0.0,0,0.0,38.66,0,0,0,14.38,0,0,0,0,0.0,0,0,0,0.0,0,0,0,74,14.79,0,0,1,0,0.0
359.57,0,241.34,59.94,3,0,1,44.04,1,1,0,0,118.23,3,0,1,2472.98,0,1,0,917,29.06,1,3,1,1,26.74
0.0,0,0.0,40.4,0,1,0,17.31,0,1,0,0,0.0,3,0,1,0.0,0,1,0,79,24.17,1,3,1,1,0.0
0.0,0,0.0,30.79,1,0,0,0.0,0,0,0,0,0.0,3,0,0,0.0,0,0,0,0,250.68,0,1,1,0,16.02
2440.0,0,2131.0,60.38,1,1,0,61.79,0,1,0,0,309.0,0,0,1,10534.9,0,1,0,86,176.8,1,2,1,1,17.2
500.75,4,263.43,59.65,2,1,1,47.39,1,1,0,0,237.33,3,1,1,22821.5,0,1,0,954,12.08,1,3,1,1,14.26
0.0,0,0.0,35.8,0,0,0,5.16,0,0,0,0,0.0,0,0,0,0.0,0,0,0,93,45.81,0,3,1,0,0.0
103.83,4,36.8,63.86,3,1,1,57.51,1,1,1,0,67.03,3,1,1,424.54,0,1,1,1041,10.45,1,3,1,1,21.05
0.0,0,0.0,37.25,2,0,0,14.71,0,0,0,0,0.0,0,0,0,0.0,0,0,0,134,41.87,0,1,1,0,30.23
25.96,7,20.37,48.04,2,1,1,23.35,1,1,0,0,5.59,3,1,0,438.63,0,0,0,977,1.48,0,3,1,1,20.57
8.97,0,8.44,24.15,2,0,0,6.01,0,1,0,0,0.54,3,0,1,15.89,0,0,1,489,0.78,0,3,1,1,25.7
0.0,3,0.0,38.94,1,0,0,15.61,0,1,0,0,0.0,3,1,1,0.0,0,1,0,680,1.6,0,1,1,1,18.77
1105.0,0,871.0,43.86,4,0,0,23.32,1,1,0,0,234.0,3,0,1,0.0,1,1,1,246,25.86,0,3,1,1,34.68
0.0,0,0.0,39.06,0,0,0,17.64,1,1,0,0,0.0,0,0,1,0.0,1,0,0,145,56.97,1,3,1,1,0.0
66.22,0,61.4,34.97,3,0,0,8.06,0,1,0,0,4.82,3,0,1,235.96,0,1,0,957,0.15,0,3,1,1,22.33
16.98,0,16.98,38.63,2,1,0,5.07,0,1,0,0,0.0,3,0,0,98.0,0,1,0,370,3.09,0,1,1,1,16.49
324.9,3,266.04,54.27,2,1,0,27.64,1,1,0,0,58.86,3,1,1,0.0,1,1,0,676,69.32,0,3,1,1,13.44
84.78,0,50.61,58.17,2,0,1,42.8,1,1,1,0,34.17,3,0,1,0.0,0,1,0,758,5.18,1,3,1,1,26.33
0.0,4,0.0,32.56,0,0,0,0.0,0,0,0,0,0.0,0,1,0,0.0,0,0,0,136,7.03,0,3,1,0,21.71
284.0,0,111.0,52.63,2,0,0,35.7,0,1,0,0,173.0,3,0,1,55.8,1,1,0,1166,7.49,1,3,1,1,22.83
0.0,4,0.0,38.3,3,0,0,14.38,0,0,0,0,0.0,3,1,0,0.0,0,0,0,786,12.65,0,3,1,0,22.41
0.0,0,0.0,32.65,1,1,0,0.0,0,0,0,0,0.0,0,0,0,0.0,0,0,0,169,8.98,0,3,1,0,31.6
215.73,0,203.34,45.83,2,0,0,35.73,1,1,0,0,12.39,3,0,1,78.57,0,0,0,495,21.53,0,3,1,1,16.22
32.24,0,30.08,55.25,1,0,0,41.5,1,0,0,0,2.17,3,0,0,0.0,0,0,0,749,1.65,0,3,1,1,20.17
0.0,0,0.0,31.92,2,0,0,0.0,0,0,0,0,0.0,0,0,0,0.0,0,0,0,65,16.16,0,1,1,0,16.76
674.69,0,239.82,61.51,2,0,0,49.62,1,1,0,0,434.87,3,0,1,4110.38,1,0,0,700,96.58,1,3,1,1,22.56
0.0,0,0.0,32.69,0,0,0,0.33,0,0,0,0,0.0,0,0,0,0.0,0,0,0,74,31.99,0,1,1,0,0.0
0.0,3,0.0,51.02,4,0,1,33.28,1,1,0,0,0.0,3,1,1,0.0,1,0,0,663,4.75,0,3,1,1,22.62
519.0,3,350.0,60.65,3,1,1,40.29,1,1,0,0,169.0,3,1,1,16.0,0,0,0,763,4.19,1,3,1,1,12.28
0.0,0,0.0,40.78,1,0,0,8.97,0,1,0,0,0.0,3,0,1,0.0,0,1,0,545,6.28,0,1,1,1,11.97
0.0,0,0.0,0.0,0,1,0,0.0,1,0,0,0,0.0,3,0,0,0.0,0,0,0,695,0.0,0,3,1,0,0.0
0.0,0,0.0,32.12,2,0,0,0.0,0,0,0,0,0.0,0,0,0,0.0,0,0,0,311,6.61,0,1,1,0,13.09
0.0,0,0.0,34.22,2,0,0,2.42,0,1,0,0,0.0,0,0,1,0.0,0,0,0,72,60.47,0,1,1,1,29.76
1831.0,4,926.0,57.93,4,1,1,35.28,1,1,0,0,905.0,3,1,1,0.0,0,0,0,877,36.74,1,3,1,1,34.18
86.79,0,28.02,60.53,1,1,0,28.03,1,1,0,0,58.77,3,0,1,484.26,0,0,1,934,3.63,0,3,1,1,6.99
0.0,0,0.0,36.19,0,0,0,4.38,1,1,0,0,0.0,3,0,1,0.0,0,1,0,577,6.16,1,3,1,1,9.14
2921.5,4,986.2,56.27,2,0,0,45.09,0,1,0,0,1935.3,3,1,1,0.0,0,0,0,484,564.08,1,1,1,1,29.27
118.44,0,102.56,35.37,2,0,0,3.65,0,1,0,0,15.89,3,0,0,0.0,0,0,0,852,1.32,0,6,1,0,20.83
0.0,0,0.0,58.74,2,0,0,55.6,1,1,0,0,5868.4,3,0,1,29720.3,1,1,0,345,1023.72,0,3,1,1,25.56
156.19,0,147.83,48.34,2,0,0,29.81,0,1,0,0,8.37,0,0,0,856.66,0,0,0,595,26.69,0,3,1,1,21.38
0.0,0,0.0,31.98,2,0,0,0.76,0,0,0,0,0.0,3,0,0,0.0,0,0,0,868,7.53,0,1,1,1,24.01
1617.32,5,1191.16,36.76,2,0,0,11.9,0,0,0,0,426.16,3,1,0,924.89,0,1,0,627,32.66,0,1,1,1,26.53
6970.72,5,172.4,53.05,2,0,0,14.29,0,1,0,0,6798.32,3,1,1,0.0,1,0,0,614,699.28,0,0,1,0,23.67
61000.0,4,1000.0,61.23,3,0,0,44.13,1,0,0,0,60000.0,3,1,1,413000.0,1,1,1,535,446.51,0,3,1,1,37.61
0.0,0,0.0,0.0,0,0,0,0.0,0,0,0,0,0.0,3,0,0,0.0,0,0,0,268,0.0,0,1,1,0,0.0
258.0,0,139.11,47.82,2,1,0,21.93,1,1,0,0,118.89,3,0,1,0.0,0,0,0,599,39.82,1,2,1,1,24.19
0.0,0,0.0,40.9,0,0,0,14.38,0,0,0,0,0.0,0,0,0,0.0,0,0,0,43,34.2,0,1,0,0,0.0
136.32,5,119.43,59.7,2,1,0,39.02,1,1,0,0,16.89,3,1,1,23.69,0,1,0,930,1.39,0,3,1,1,14.4
30.97,5,14.04,36.72,1,0,0,8.7,0,1,0,0,16.93,3,1,1,0.0,0,0,0,509,3.04,0,3,1,1,25.62
544.56,0,116.0,46.18,2,0,0,34.25,0,0,0,0,428.55,3,0,0,0.0,0,1,0,634,70.83,0,1,1,0,18.81
692.27,0,651.23,68.36,2,1,1,66.57,1,1,0,0,41.04,3,0,1,40982.4,1,1,1,1391,14.59,1,3,1,1,12.07
616.9,5,593.61,62.11,4,0,1,42.95,1,1,1,1,23.29,3,1,1,126.23,1,1,1,904,7.49,0,3,1,1,27.1
49.3,0,37.01,42.3,2,0,0,13.02,0,0,0,0,12.29,3,0,0,81.82,0,0,0,686,6.68,0,3,1,0,22.33
235.0,4,170.0,60.55,2,0,0,42.52,0,1,0,0,65.0,3,1,1,284.0,1,0,0,808,45.62,1,3,1,1,21.08
17809.0,0,5150.0,58.02,2,0,1,52.4,1,1,0,0,12659.0,3,0,1,20574.5,1,1,0,347,1964.23,0,3,1,1,21.29
1555.94,3,868.34,62.37,3,1,0,59.14,1,1,1,0,687.6,3,1,1,54039.0,1,1,0,1121,45.57,1,3,1,1,22.56
0.0,7,0.0,40.32,2,0,0,16.79,1,1,0,0,0.0,3,1,1,0.0,0,1,0,779,6.9,0,3,1,1,14.38
577.42,5,379.9,74.24,3,1,0,60.83,1,1,1,0,197.52,3,1,1,48680.2,1,1,0,1152,38.46,1,3,1,1,22.12
2539.9,0,1863.48,50.69,2,0,0,26.76,0,1,0,0,676.42,3,0,0,0.0,0,1,0,950,20.96,0,3,1,1,24.76
2646.34,0,1526.89,53.47,0,1,0,43.94,1,1,0,0,1119.44,0,0,1,0.0,0,0,0,113,451.71,0,1,1,1,0.0
217.38,0,145.24,57.02,0,0,0,42.95,1,1,1,0,72.14,0,0,1,57.24,1,0,1,99,23.51,1,3,1,1,14.76
0.0,0,0.0,41.4,0,0,0,16.46,0,1,0,0,0.0,0,0,1,0.0,0,0,1,66,42.67,0,1,1,1,0.0
848.77,5,447.3,61.08,2,1,0,64.18,1,1,0,0,401.47,3,1,1,8741.05,1,0,0,648,80.53,1,3,1,1,32.76
20457.2,6,956.93,64.93,2,0,0,56.09,1,1,0,0,19500.2,3,1,1,195165.0,1,1,1,590,483.41,0,3,1,1,34.9
4067.0,5,1160.0,50.39,3,0,1,34.22,1,1,0,0,2907.0,3,1,1,32500.0,1,0,1,721,335.88,0,3,1,1,23.09
347.91,0,50.93,44.07,2,0,0,32.04,1,1,0,0,296.98,3,0,1,11877.4,1,0,0,491,50.85,0,2,1,1,25.79
0.0,0,0.0,33.53,0,0,0,0.33,0,0,0,0,0.0,0,0,0,0.0,0,0,0,7,16.3,0,3,1,1,0.0
2585.57,3,1907.55,46.15,2,1,0,33.55,0,1,0,0,678.03,3,1,1,6059.52,0,0,0,570,176.3,0,0,1,1,19.42
0.0,5,0.0,37.57,3,1,0,15.37,1,0,0,0,0.0,3,1,0,0.0,0,1,1,501,76.95,0,1,1,0,40.01
2573.16,0,0.0,40.38,3,0,0,19.93,1,1,0,0,0.0,3,0,1,0.0,1,0,1,813,17.5,1,2,1,1,24.19
84.7,0,51.05,45.38,2,0,0,27.09,0,0,0,0,33.65,0,0,1,40.67,0,0,0,92,13.58,0,1,1,1,32.7
112.05,0,95.88,44.17,0,0,0,16.31,1,1,0,0,16.17,3,0,1,0.0,1,1,0,860,13.16,0,3,1,1,13.2
1559.48,5,926.99,49.57,1,1,1,49.02,0,1,1,0,632.49,3,1,1,10988.4,0,0,1,414,139.1,1,3,1,1,9.81
4504.92,5,195.61,59.64,3,1,0,60.04,1,1,0,0,4309.32,3,1,1,2450.22,1,0,0,823,385.68,0,3,1,1,20.09
807.26,6,504.35,71.97,2,1,1,76.68,1,1,0,0,302.91,3,1,1,931910.0,0,1,1,982,35.98,1,1,1,1,19.36
1181.8,5,1024.68,59.12,3,1,0,40.59,0,1,0,0,157.11,3,1,1,21531.4,0,1,0,959,4.69,1,3,1,1,22.86
0.0,0,0.0,32.24,2,0,0,0.42,0,0,0,0,0.0,3,0,0,0.0,0,0,0,576,2.47,0,1,1,1,22.06
502.84,0,388.08,56.23,0,1,0,58.86,0,1,0,0,114.76,0,0,1,0.0,0,0,0,134,71.96,0,3,1,1,0.0
313.88,4,186.2,45.4,2,0,0,30.05,0,1,0,0,127.68,3,1,1,0.0,0,0,0,1184,15.29,1,3,1,1,11.73
783.94,0,0.0,46.78,2,0,0,17.12,1,1,0,0,0.0,3,0,1,0.0,0,0,0,530,127.53,0,1,1,1,28.06
321.59,3,255.6,50.86,2,0,1,37.27,0,1,0,0,65.99,3,1,1,868.55,0,0,1,706,26.89,0,3,1,1,22.72
9874.86,0,1175.21,34.37,0,0,0,22.11,0,0,0,0,8699.64,0,0,0,0.0,1,1,0,17,1507.64,0,3,1,0,0.0
921.0,0,533.0,51.33,2,1,0,32.11,0,0,0,0,388.0,3,0,1,0.0,0,0,0,1137,56.76,0,3,1,1,16.64
2736.0,2,395.0,45.84,0,0,0,26.97,0,1,0,0,2341.0,0,1,0,0.0,0,0,0,73,649.75,0,3,1,1,0.0
496.9,0,437.6,51.1,2,0,1,35.49,0,1,0,0,59.0,3,0,1,16460.0,0,0,0,583,4.72,1,3,1,1,16.22
38452.6,5,290.84,68.34,2,1,0,65.48,1,1,0,0,38161.8,3,1,1,3516.71,1,1,1,504,977.09,1,3,1,1,26.13
350.88,0,325.78,46.15,2,0,0,30.05,0,1,0,0,25.09,1,0,1,0.0,0,0,0,139,22.64,1,3,1,1,16.2
0.0,0,0.0,32.93,2,0,0,2.6,0,1,0,0,0.0,3,0,1,0.0,1,0,0,768,3.63,0,3,1,1,22.57
0.0,0,0.0,32.07,1,0,0,0.0,0,0,0,0,0.0,3,0,0,0.0,0,1,0,544,20.94,0,2,1,0,17.24
0.0,0,0.0,38.76,3,0,0,17.25,0,1,0,0,0.0,3,0,0,0.0,0,0,0,375,10.62,0,1,1,1,21.4
0.0,0,0.0,35.85,2,0,0,4.29,0,1,0,0,0.0,3,0,0,0.0,0,0,0,618,60.64,0,3,1,1,17.11
0.0,6,0.0,37.42,2,0,0,15.28,0,1,0,0,0.0,3,1,0,0.0,0,0,0,587,50.99,0,3,1,1,15.08
41506.6,6,9615.79,64.16,2,0,0,64.27,1,1,1,0,31890.8,3,1,1,34796.7,1,1,1,397,3316.97,0,3,1,1,25.38
135.49,0,100.19,52.09,1,1,0,42.49,1,0,0,0,35.3,3,0,1,4103.29,0,0,0,718,21.7,0,3,1,1,25.09
33650.0,5,6050.0,57.83,3,0,1,52.13,1,1,0,0,27600.0,3,1,1,91400.0,0,1,1,579,690.49,0,3,1,1,24.1
32433.0,4,1719.0,67.32,2,0,0,73.06,1,1,1,0,30714.0,3,1,1,17730.4,1,1,0,300,2495.63,0,3,1,1,25.41
85552.8,4,29772.1,71.2,2,0,0,73.57,1,1,1,1,5.26,3,1,1,16.42,1,1,1,344,3789.42,0,3,1,1,27.63
5380.0,5,2323.0,65.97,3,0,1,69.53,1,1,0,0,3057.0,3,1,1,1302.74,1,1,0,568,222.38,0,3,1,1,28.95
795.64,0,743.45,61.2,2,0,0,60.01,1,1,0,0,52.19,0,0,1,92.17,0,0,1,0,25.2,1,3,1,1,16.08
6700.0,10,1600.0,68.17,2,0,0,60.34,1,1,0,0,5100.0,3,1,1,7424.75,1,1,0,345,799.76,1,3,1,1,24.36
177.4,0,146.43,53.26,2,1,1,57.11,1,1,0,0,30.97,3,0,1,175.47,1,1,0,1008,5.35,1,3,1,1,17.11
629.59,5,218.38,72.89,2,1,1,76.29,1,1,1,0,411.22,3,1,1,7025.76,1,1,1,1183,38.19,1,3,1,1,24.09
2200.0,4,800.0,58.85,3,0,1,42.04,1,1,0,0,1400.0,3,1,1,13600.0,1,0,1,608,180.64,0,3,1,1,27.43
0.0,2,0.0,40.83,2,0,0,15.98,0,0,0,0,0.0,3,1,0,0.0,0,0,0,1019,25.96,0,3,1,0,10.36
808.51,4,616.43,64.65,2,0,0,59.29,1,1,0,0,192.07,3,1,1,234.8,1,1,0,1112,30.08,1,3,1,1,32.4
0.0,0,0.0,35.87,0,0,0,2.08,0,1,0,0,0.0,0,0,1,0.0,0,0,0,147,34.04,0,3,1,1,0.0
851.3,4,687.35,51.79,2,0,0,34.01,0,1,0,0,163.95,3,1,1,0.0,0,0,1,711,48.29,0,3,1,1,29.47
0.0,0,0.0,26.13,0,0,0,4.77,0,0,0,0,12672.3,0,0,0,0.0,1,0,0,21,566.47,0,3,1,1,0.0
37500.0,3,3100.0,64.19,2,0,0,51.1,1,1,0,0,34400.0,3,1,1,4734.8,1,1,1,440,3569.12,0,1,1,1,29.8
0.0,3,0.0,46.14,0,0,0,33.4,0,1,0,0,0.0,0,1,1,0.0,1,0,1,41,626.17,0,3,1,1,0.0
0.0,7,0.0,56.13,1,0,0,28.99,1,1,0,0,5300.0,3,1,1,0.0,1,1,1,505,416.08,0,3,1,1,36.25
2119.7,0,2079.0,54.51,1,1,1,33.92,1,1,0,0,40.7,3,0,1,725.7,1,1,1,1060,418.53,0,3,1,1,11.79
0.0,0,0.0,32.53,2,0,0,0.0,0,0,0,0,0.0,3,0,0,0.0,0,0,0,538,3.9,0,3,1,0,23.09
91.07,6,59.12,69.68,2,0,1,66.29,1,1,1,0,31.95,3,1,1,2038.46,1,0,0,1002,5.36,1,3,1,1,25.91
656.87,0,528.05,71.7,2,0,0,68.26,1,1,1,1,128.82,3,0,1,19102.8,1,1,1,842,88.97,0,3,1,1,19.05
15498.0,4,6103.0,66.37,3,0,0,56.42,1,1,1,0,9395.0,3,1,1,180732.0,1,0,0,625,172.85,0,3,1,1,24.39
51.45,4,45.21,43.26,2,0,0,22.44,0,1,0,0,6.24,3,1,1,5.87,0,0,1,825,3.51,0,1,1,1,15.78
123000.0,4,9000.0,63.5,3,0,0,46.09,1,1,0,0,114000.0,3,1,1,730000.0,1,0,1,531,692.79,0,1,1,1,36.47
0.0,0,0.0,33.1,2,0,0,0.91,0,1,0,0,0.0,3,0,0,0.0,0,0,0,803,49.57,1,1,1,1,26.4
16402.2,6,995.99,62.85,2,0,0,63.7,1,1,0,0,15406.2,3,1,0,6119.53,0,1,1,667,308.59,1,3,1,1,20.45
0.0,0,0.0,37.62,1,0,0,1.75,0,1,0,0,0.0,3,0,1,0.0,0,0,0,428,12.84,0,3,1,1,23.94
110.2,5,96.61,48.49,1,0,0,29.3,1,1,0,0,13.59,3,1,1,557.56,0,1,0,769,7.17,0,3,1,1,18.08
92.65,0,79.42,53.92,2,0,1,23.8,1,1,0,0,13.23,3,0,1,12.27,0,0,0,606,10.25,0,3,1,1,18.75
5.09,0,3.38,39.9,3,0,0,10.69,1,1,0,0,1.7,0,0,1,2.46,0,0,0,165,0.67,0,3,1,1,22.75
19184.9,4,1099.86,67.59,3,0,0,61.37,1,1,0,0,18085.0,3,1,1,31905.2,1,1,0,304,1808.22,0,3,1,1,29.37
0.0,0,0.0,33.27,2,0,0,0.0,0,0,0,0,0.0,3,0,0,0.0,0,0,0,732,6.26,0,1,1,0,18.34
103.2,0,82.38,61.96,0,0,0,48.14,0,1,0,0,20.82,0,0,1,33.77,1,1,1,63,5.01,0,3,0,1,0.0
0.0,0,0.0,32.86,2,0,0,0.33,0,0,0,0,0.0,0,0,0,0.0,0,0,0,116,12.46,0,3,1,0,14.39
4647.65,8,3195.7,68.7,3,1,1,66.14,1,1,0,0,1451.95,3,1,1,183078.0,1,1,0,604,33.95,1,3,1,1,29.95
326.53,5,261.75,52.36,0,0,0,36.21,0,1,0,0,64.78,3,1,1,0.0,1,0,0,747,44.76,0,3,1,1,25.64
0.0,0,0.0,33.39,0,0,0,1.75,0,1,0,0,0.0,0,0,1,0.0,0,0,0,89,42.16,0,3,1,1,0.0
38.35,0,29.01,36.69,2,0,0,4.92,0,1,0,1,9.33,3,0,1,0.0,0,1,0,587,4.57,0,3,1,1,18.18
0.0,3,0.0,72.73,4,1,1,78.13,1,1,0,0,4969.38,3,1,1,679.58,1,1,1,384,466.81,0,3,1,1,31.94
399.55,3,371.73,56.42,3,1,0,36.73,1,1,0,0,27.82,0,1,1,8023.06,1,1,1,194,17.38,1,3,0,1,15.18
766.83,0,449.75,44.22,3,0,0,20.42,1,1,0,0,317.08,3,0,0,244.79,0,0,1,211,21.3,0,1,1,1,34.88
2390.0,5,0.0,56.14,3,1,0,33.4,1,1,1,0,1000.0,3,1,1,1390.0,1,1,1,516,42.77,0,3,1,1,40.81
812.0,4,511.0,66.86,2,1,0,59.92,1,1,0,0,301.0,3,1,1,14589.0,1,1,1,1001,59.36,1,3,1,1,21.51
5971.67,4,4381.97,80.95,4,1,1,80.31,1,1,1,0,1589.7,3,1,1,249384.0,1,1,1,605,38.34,1,3,1,1,30.89
0.0,0,0.0,39.91,2,0,0,26.67,0,1,0,0,0.0,3,0,1,5.66,0,0,0,623,19.04,0,3,1,1,12.64
5.43,0,2.71,36.98,0,0,0,11.6,0,0,0,0,2.71,0,0,0,9.16,0,0,1,121,0.94,0,3,1,1,0.0
109.63,3,55.56,63.68,2,1,0,45.79,1,1,0,0,54.07,3,1,1,1437.89,1,0,1,1143,4.53,0,3,1,1,22.08
0.0,0,0.0,35.46,2,0,0,2.08,0,1,1,0,0.0,3,0,1,0.0,0,1,0,636,4.9,0,3,1,1,19.18
178.92,3,166.25,51.08,3,0,1,40.68,1,1,1,1,12.67,3,1,1,135.47,0,1,1,708,2.83,0,3,1,1,26.16
2617.0,5,1461.0,54.48,0,1,0,49.41,1,1,0,0,1156.0,0,1,1,0.0,1,1,0,90,166.96,0,3,1,1,0.0
2076.28,0,757.54,62.18,0,1,0,63.15,1,1,0,0,1318.75,0,0,1,3504.89,1,0,0,163,362.66,1,3,1,1,16.43
0.0,4,0.0,32.77,0,0,0,0.0,0,0,0,0,0.0,0,1,0,0.0,0,0,0,127,8.45,0,1,1,0,0.0
4775.62,4,264.25,66.02,2,1,0,50.26,1,1,0,0,4511.37,3,1,1,121.45,1,0,1,603,288.91,0,3,1,1,23.8
262.42,0,163.58,54.12,2,1,1,54.58,0,1,0,0,98.84,0,0,1,3686.45,0,0,1,136,36.21,1,3,1,1,14.51
32.22,4,18.96,56.34,1,0,1,34.49,1,1,0,0,13.25,3,1,1,47.3,0,1,0,752,1.19,0,3,1,1,16.17
12.86,6,6.9,60.45,2,0,0,58.26,1,1,0,0,5.96,3,1,1,159.55,0,0,0,805,2.35,1,3,1,1,9.36
0.0,0,0.0,40.95,2,0,0,18.42,0,1,0,0,0.0,0,0,1,0.0,0,0,0,0,34.1,0,1,1,1,28.24
26.94,0,11.17,49.32,2,0,0,35.73,1,1,0,0,15.77,3,0,1,49.83,0,0,0,690,2.54,1,3,1,1,13.48
337.28,0,205.77,66.88,3,1,0,77.56,1,1,0,0,131.51,3,0,1,6288.34,1,0,1,705,45.66,1,3,1,1,27.21
370.51,3,313.0,69.25,2,1,1,59.83,1,1,0,0,57.51,3,1,1,8059.8,1,1,1,842,13.1,1,3,1,1,11.94
2164.0,5,1649.0,54.93,2,0,1,34.97,0,1,0,0,515.0,3,1,1,2865.0,0,0,0,1272,17.24,1,3,1,1,12.54
2042.63,5,951.98,52.9,3,0,0,37.15,1,1,0,0,1090.65,3,1,1,18087.1,1,1,1,382,67.75,0,3,1,1,29.31
763.0,7,498.0,53.38,3,0,0,26.06,0,1,0,0,265.0,3,1,1,0.0,0,0,0,716,128.54,1,3,1,1,27.86
288.3,5,226.4,70.25,2,1,1,63.24,1,1,1,0,61.9,3,1,1,46570.0,1,1,1,897,5.09,1,3,0,1,10.77
80.84,0,70.08,53.87,2,0,1,38.63,1,1,0,0,10.77,3,0,0,70.85,0,0,1,945,1.31,1,3,1,1,22.37
0.0,0,0.0,41.04,2,0,0,14.86,0,1,0,0,0.0,3,0,0,0.0,0,0,0,243,54.37,0,1,1,1,35.45
2775.6,4,891.93,59.27,1,0,0,57.41,1,1,0,0,1883.67,0,1,1,0.0,0,0,0,83,232.99,1,3,1,1,29.33
1104.79,3,987.07,71.36,2,0,1,68.35,1,1,0,0,117.72,3,1,1,1158.41,1,1,1,910,21.19,1,3,0,1,14.77
0.0,0,0.0,16.53,0,0,0,0.0,0,0,0,0,0.0,0,0,0,0.0,0,0,0,4,26.38,0,3,1,0,0.0
603.94,0,476.83,55.54,2,0,0,43.49,0,1,0,0,127.11,3,0,1,420.99,0,0,0,872,36.82,1,3,1,1,19.6
3680.24,3,931.21,54.82,2,0,0,38.63,1,1,0,0,2749.02,0,1,1,4318.47,1,0,1,140,596.76,0,3,1,1,28.55
0.0,0,0.0,32.56,0,0,0,0.0,0,0,0,0,0.0,0,0,0,0.0,0,0,0,100,7.72,0,1,1,0,0.0
4834.0,3,3345.0,75.09,3,0,1,63.91,1,1,0,0,1489.0,3,1,1,20341.0,1,0,1,1128,89.51,1,3,1,1,17.26
0.0,4,0.0,35.5,2,0,0,1.9,1,1,0,1,0.0,3,1,0,0.0,0,0,0,838,10.05,0,3,1,1,16.34
12500.0,5,3400.0,52.93,3,0,0,27.57,1,1,0,0,9100.0,3,1,1,0.0,1,0,1,733,701.42,1,3,1,1,23.82
83.93,7,77.3,53.08,1,0,0,37.84,0,1,0,0,6.64,3,1,1,67.23,0,0,0,867,5.92,0,3,1,1,15.15
7.05,4,5.14,45.28,2,1,1,25.37,1,1,0,0,1.91,3,1,1,30.48,0,0,0,1185,0.48,0,3,1,1,16.2
90.69,0,53.35,44.88,2,1,0,21.62,1,1,0,0,37.34,3,0,0,90.87,0,0,0,846,6.02,0,3,1,1,19.24
1911.56,0,30.02,46.13,1,0,0,20.57,0,1,0,0,1881.54,3,0,0,1511.91,0,0,0,560,187.12,0,3,1,0,14.32
459.78,4,253.31,49.28,2,1,0,38.57,0,1,0,0,206.47,3,1,1,6361.63,0,0,0,806,50.08,1,3,1,1,30.92
1611.39,0,1572.63,55.33,1,0,0,49.11,1,1,0,0,38.76,0,0,1,83.34,0,0,0,143,83.16,1,3,1,1,10.89
64.95,0,63.21,52.2,0,1,1,34.58,1,1,0,0,1.73,0,0,1,913.12,0,1,1,4,24.92,0,3,1,1,0.0
11.19,0,8.11,34.97,2,0,0,8.06,1,1,0,0,3.08,0,0,0,0.0,1,0,0,173,2.09,0,3,1,1,24.14
56.63,0,26.33,56.63,1,1,0,37.24,1,1,1,0,30.3,0,0,1,13014.3,0,1,1,261,2.93,1,3,1,1,7.47
1063.69,4,648.6,70.78,4,1,1,71.1,1,1,0,0,415.09,3,1,1,20501.4,1,1,1,1019,13.25,1,3,1,1,25.08
773.95,3,692.3,55.13,3,0,1,35.73,1,1,0,1,81.65,3,1,1,181.0,1,1,0,1050,4.82,0,3,1,1,29.02
38.9,4,34.58,46.36,4,0,0,22.23,1,1,1,0,4.32,0,1,1,75.81,1,1,1,52,6.95,0,3,1,1,23.42
1004.0,4,559.0,66.81,2,0,1,54.15,1,1,0,0,445.0,3,1,1,6234.0,1,0,0,879,88.39,1,3,1,1,26.84
431.46,0,162.75,57.25,2,1,1,49.74,1,1,0,0,268.71,3,0,1,8749.72,0,0,0,681,44.95,1,3,1,1,21.19
55.14,5,41.83,52.64,1,1,1,38.12,1,1,0,0,13.31,3,1,0,60.08,0,0,0,798,7.34,0,3,1,1,23.15
4200.0,4,2200.0,68.61,2,1,0,64.78,1,1,0,0,2000.0,3,1,1,13208.0,1,0,0,886,212.26,1,3,1,1,22.05
19700.0,4,3400.0,74.28,2,0,0,55.84,1,0,0,0,16300.0,3,1,1,0.0,1,0,1,598,1283.27,0,3,1,1,18.55
0.0,0,0.0,20.01,2,0,0,2.42,1,1,0,0,0.0,3,0,1,0.0,0,0,0,434,0.36,0,3,1,1,0.0
0.0,0,0.0,42.52,0,0,0,17.88,0,1,0,0,0.0,3,0,1,0.0,0,0,0,746,36.97,1,1,1,1,16.91
506.43,0,456.05,45.16,2,0,0,26.94,1,1,0,1,50.38,0,0,1,486.3,0,0,0,188,24.4,0,3,1,1,12.63
1422.32,6,773.07,51.66,3,0,0,31.02,1,1,0,0,649.26,3,1,1,23277.5,1,0,0,570,73.46,1,3,1,1,35.3
5917.43,6,3603.85,50.6,3,0,0,36.94,1,1,0,0,2313.57,3,1,1,2290.06,0,0,0,778,47.73,1,3,1,1,21.39
349.49,4,269.61,50.79,2,0,0,38.39,0,1,0,0,79.89,3,1,1,142.58,0,0,1,332,21.19,0,1,1,1,29.66
0.0,4,0.0,39.85,2,1,0,16.46,0,1,0,0,0.0,3,1,1,0.0,0,0,1,871,32.54,0,1,0,1,19.04
112.77,0,79.2,59.16,1,0,0,47.36,1,1,0,0,33.57,3,0,1,23.06,0,1,0,1015,13.29,1,3,1,1,13.66
483.83,5,383.57,59.19,2,0,1,45.42,1,1,0,0,100.25,3,1,1,0.0,1,1,1,474,23.17,0,3,1,1,12.51
65.0,5,62.28,51.95,1,0,0,33.92,0,0,0,0,2.73,3,1,1,89.51,0,0,1,292,4.79,0,3,1,1,11.5
0.0,0,0.0,31.9,2,0,0,0.33,0,0,0,0,0.0,3,0,0,0.0,0,0,1,518,2.58,0,3,1,0,23.06
3.86,0,0.86,33.06,0,0,0,13.08,0,1,1,0,3.01,3,0,1,0.0,0,1,0,285,1.92,0,1,1,1,0.0
12.19,0,9.01,51.36,2,0,0,36.94,1,1,0,0,3.17,3,0,1,41.85,0,0,0,648,0.43,0,3,1,1,16.91
55.17,0,33.17,40.82,2,0,0,13.47,0,1,0,0,22.0,0,0,1,0.0,0,0,0,118,3.5,0,3,1,1,12.53
0.0,0,0.0,40.52,2,0,0,15.95,0,0,0,0,0.0,3,0,0,0.0,0,1,0,812,29.79,0,3,1,0,12.87
968.02,5,662.66,60.58,3,0,1,41.32,1,1,0,0,305.36,3,1,1,30644.5,1,0,0,218,14.97,0,3,1,1,28.36
0.0,0,0.0,33.99,2,0,0,3.59,1,1,0,0,0.0,3,0,1,0.0,1,0,0,450,7.06,1,2,1,1,16.48
2406.0,4,1932.0,54.32,3,0,1,41.44,0,1,0,0,474.0,3,1,1,0.0,1,0,0,1148,20.23,0,3,1,1,11.49
9.9,4,3.09,48.97,2,0,0,27.09,1,1,0,0,6.81,3,1,1,3.52,0,0,0,288,1.08,0,1,0,1,23.09
2215.26,0,1951.34,51.93,2,1,0,40.38,1,1,0,0,263.92,3,0,0,1793.93,0,0,0,580,114.52,0,3,1,1,24.01
0.0,0,0.0,31.5,1,0,0,0.0,0,0,0,0,0.0,3,0,0,0.0,0,0,0,546,7.1,0,0,1,0,26.16
597.75,0,552.25,44.62,2,0,0,24.46,0,1,0,0,45.5,0,0,1,0.0,0,0,0,184,22.12,1,1,1,1,16.81
0.0,0,0.0,37.67,0,0,0,14.38,0,0,0,0,0.0,0,0,0,0.0,0,0,0,17,5.94,0,0,1,0,0.0
45.45,0,23.96,53.24,2,1,0,39.47,0,1,0,0,21.5,0,0,1,41.85,0,0,1,229,1.7,0,3,1,1,9.95
44400.0,5,8000.0,66.67,3,0,0,64.57,1,1,0,0,36400.0,3,1,1,0.0,1,0,1,0,584.88,0,3,1,1,28.7
0.0,0,0.0,31.69,2,0,0,0.33,0,0,0,0,0.0,3,0,0,0.0,0,0,0,397,4.25,0,3,1,0,29.52
6806.3,0,5479.82,61.77,3,1,1,60.16,1,1,0,0,1326.48,3,0,1,8029.95,1,0,1,586,306.71,1,3,1,1,21.89
104.07,5,82.69,42.17,2,0,0,20.54,1,1,0,0,21.38,3,1,0,79.56,0,1,1,1049,6.6,0,3,1,1,19.45
252.0,0,174.0,49.72,1,0,0,31.77,0,1,0,0,78.0,3,0,1,0.0,0,0,0,808,27.72,0,3,1,1,25.93
0.0,3,0.0,41.44,1,0,0,17.64,0,1,0,0,0.0,0,1,1,0.0,1,0,0,160,76.7,0,3,1,1,35.7
56.9,0,52.14,56.8,4,1,0,38.42,1,1,1,0,4.76,3,0,1,503.01,0,1,1,1310,3.38,0,3,1,1,16.98
116.65,0,84.09,64.56,2,1,1,59.23,1,1,0,0,32.55,3,0,1,2587.75,1,0,0,792,22.36,1,3,1,1,26.53
676.63,4,569.6,47.27,3,1,0,38.48,1,1,0,0,107.04,3,1,1,52955.6,1,1,1,850,39.17,1,3,1,1,24.79
316.78,0,173.39,51.28,3,0,0,26.4,1,1,0,0,143.39,3,0,1,67.11,0,1,1,649,1.36,0,3,1,1,15.17
2876.81,4,0.0,44.45,0,0,0,28.09,1,1,0,0,0.0,0,1,1,0.0,1,0,0,85,3276.09,0,3,1,1,0.0
1168.89,5,413.55,75.81,3,0,1,67.68,1,1,0,0,755.34,3,1,1,6965.6,0,1,1,1232,27.81,1,3,1,1,21.84
1889.0,0,1845.0,48.39,4,1,1,35.34,1,0,0,0,44.0,3,0,1,5703.0,0,1,0,948,31.31,0,3,1,1,32.54
103.89,5,90.28,56.24,2,0,0,40.08,1,1,0,0,13.61,3,1,1,5461.96,0,1,1,797,1.06,0,3,1,1,14.95
0.0,3,0.0,61.85,2,0,0,64.12,1,1,0,0,0.0,3,1,1,0.0,0,1,1,879,299.78,0,3,1,1,17.44
3669.97,5,3556.55,64.86,3,1,1,70.58,1,1,0,0,113.41,3,1,1,11332.5,1,1,0,2003,34.95,1,3,1,1,15.24
0.0,3,0.0,40.19,2,0,0,17.64,0,1,0,0,0.0,3,1,1,0.0,1,0,0,478,315.6,0,3,1,1,14.05
0.0,0,0.0,31.25,1,0,0,0.0,0,0,0,0,0.0,3,0,0,0.0,0,0,1,529,2.39,0,1,1,0,28.5
1040.51,0,634.14,66.53,2,1,0,47.39,1,1,0,0,406.38,3,0,1,4572.09,0,0,0,508,114.63,1,3,1,1,21.47
1795.19,5,938.6,60.64,3,1,0,52.91,1,1,0,0,856.59,3,1,1,19852.2,1,1,1,793,68.03,1,3,1,1,23.78
12.78,9,11.21,53.62,2,1,0,36.24,1,1,0,1,1.57,3,1,0,199.65,0,1,1,962,0.24,0,3,1,1,10.59
228.1,4,199.8,50.54,3,1,1,30.26,1,1,0,1,28.3,3,1,0,1374.54,0,1,0,956,3.93,0,3,1,1,22.38
4583.96,5,1452.44,79.24,2,0,0,79.4,1,1,0,0,3131.52,3,1,1,5411.49,1,0,0,699,766.84,0,3,1,1,36.87
80.98,3,63.63,63.36,3,1,0,51.65,1,1,0,0,17.35,3,1,1,1817.97,0,0,0,801,9.64,1,3,1,1,13.75
0.0,0,0.0,36.11,0,0,0,0.76,0,0,0,0,0.0,0,0,0,0.0,0,0,0,109,214.52,0,1,1,1,0.0
34.51,4,34.51,56.88,2,1,0,51.01,1,1,0,0,0.0,3,1,1,28.48,0,1,0,700,0.0,0,3,1,1,11.93
29.36,0,23.45,49.25,2,0,0,29.75,0,1,0,0,5.91,3,0,1,0.0,1,1,0,0,3.04,0,3,1,1,12.98
216.9,0,125.73,52.76,0,0,0,49.08,1,1,0,0,91.17,0,0,1,5.83,0,0,0,11,26.28,1,1,1,1,0.0
0.0,0,0.0,39.16,2,0,0,15.13,0,0,0,0,0.0,0,0,0,0.0,0,0,1,86,36.56,0,1,1,1,20.36
101.89,0,96.53,48.17,1,1,0,37.21,0,1,0,0,5.35,3,0,0,65.61,0,0,0,679,11.87,0,1,1,0,15.51
78.08,0,26.59,34.71,2,1,0,10.84,0,0,0,0,51.49,3,0,0,1234.94,0,1,0,807,4.17,0,3,1,0,16.25
355.74,4,0.0,47.47,2,0,0,25.49,0,1,0,0,0.0,3,1,1,0.0,0,1,0,621,33.3,1,3,1,1,14.35
3554.0,5,1823.0,82.01,3,1,0,84.42,1,1,0,0,1731.0,3,1,1,2132.61,1,1,1,944,326.83,0,3,1,1,20.33
172.09,0,143.5,45.81,2,1,0,23.86,0,1,0,0,28.59,3,0,1,15.52,1,1,0,382,18.53,0,1,1,1,11.24
0.0,0,0.0,54.99,2,0,0,48.84,1,1,0,0,45645.7,3,0,1,0.0,1,1,1,899,2969.73,0,2,1,1,27.53
304.89,4,258.17,61.8,3,1,1,55.12,1,1,1,0,46.71,3,1,1,15777.0,1,0,1,1180,7.79,1,3,1,1,16.95
255.91,0,204.89,51.01,2,0,1,32.2,1,1,0,0,51.02,0,0,1,9.1,0,0,0,138,20.93,1,3,1,1,15.75
4985.52,6,201.47,58.8,2,1,0,41.23,0,1,0,0,4784.05,3,1,0,6557.37,0,0,0,744,348.44,0,3,1,1,22.73
39.24,5,37.33,52.59,2,0,1,25.82,1,0,0,0,1.91,3,1,1,20.29,1,0,0,814,5.22,0,3,1,1,24.39
484.96,5,339.79,62.49,2,0,0,51.1,1,1,0,0,145.17,3,1,1,1475.95,1,1,0,206,24.27,0,3,1,1,27.4
2664.49,4,1291.88,43.68,0,0,0,16.43,1,1,0,0,2664.49,0,1,1,1291.88,1,0,0,55,2241.18,0,3,1,1,0.0
0.0,0,0.0,38.33,2,0,0,2.42,0,1,0,0,0.0,0,0,1,0.0,0,0,0,131,81.91,0,3,0,1,33.04
42187.0,4,187.0,58.4,2,1,0,50.71,1,1,1,0,42000.0,3,1,1,10.8,1,1,1,268,1595.13,0,3,1,1,31.62
0.0,0,0.0,54.22,2,0,0,54.33,0,1,0,0,4391.31,3,0,1,0.0,1,1,0,632,329.24,0,1,1,1,32.28
67.61,4,64.94,67.83,2,0,0,65.78,1,1,0,0,2.67,3,1,1,426.74,0,0,1,1512,6.03,1,3,1,1,13.45
0.0,0,0.0,32.58,1,0,0,0.0,0,0,0,0,0.0,3,0,0,0.0,0,0,0,577,4.19,0,1,1,0,20.75
0.0,0,0.0,39.05,0,1,0,15.61,0,1,0,0,0.0,0,0,0,0.0,0,1,1,74,945.42,1,3,1,1,0.0
27900.6,4,5470.43,65.78,2,1,0,57.87,1,1,0,0,22430.2,3,1,1,206000.0,1,1,0,418,1292.24,0,3,1,1,43.23
216.75,4,0.0,43.8,0,0,0,22.92,0,1,0,0,0.0,0,1,1,0.0,0,0,0,79,41.58,0,3,1,1,0.0
0.0,0,0.0,31.49,1,0,0,0.0,0,0,0,0,0.0,0,0,0,0.0,0,0,0,111,4.46,0,3,1,0,28.56
6702.05,7,4500.9,47.19,2,0,0,25.34,0,1,0,0,2201.15,0,1,1,0.0,1,0,1,60,1033.38,0,1,1,1,40.43
90.41,0,58.01,43.94,1,0,1,25.37,0,1,1,0,32.41,3,0,0,109.96,0,1,0,713,5.08,1,3,1,1,18.18
6800.0,0,3000.0,63.67,1,0,0,57.48,1,1,0,0,3800.0,3,1,1,57400.0,1,0,0,685,621.79,0,3,1,1,23.98
507.0,0,489.92,52.06,2,0,1,44.13,1,1,0,0,17.08,3,0,1,1766.05,1,0,0,953,16.76,0,3,1,1,13.92
0.0,3,0.0,33.67,1,0,0,0.76,0,0,0,0,0.0,3,1,0,0.0,0,0,1,591,37.16,0,1,1,1,13.03
162.75,0,91.86,63.57,3,0,0,58.2,1,1,0,0,70.89,0,0,1,182.39,0,0,0,96,19.17,1,3,1,1,19.83
0.0,0,0.0,0.0,0,0,0,0.0,0,0,0,0,0.0,3,0,0,0.0,0,0,0,707,0.0,0,3,1,0,0.0
6381.16,5,424.94,52.31,2,0,0,34.73,1,1,0,0,5956.21,0,1,1,0.0,1,0,0,74,1071.84,0,3,1,1,32.49
0.0,0,0.0,36.6,0,0,0,14.38,0,0,0,0,0.0,0,0,0,0.0,0,0,0,95,4.27,0,1,1,0,0.0
4203.56,4,1427.15,79.3,1,1,1,84.93,1,1,0,1,2776.41,3,1,1,3784.56,1,0,1,834,539.18,0,3,1,1,15.34
285.5,0,165.29,43.53,3,1,0,27.88,0,1,0,0,120.21,3,0,1,81111.6,0,0,0,644,12.64,0,3,1,1,27.77
3250.0,0,1220.0,59.65,1,0,0,59.44,1,1,0,0,1030.0,3,0,1,1010.0,1,0,0,533,458.54,1,3,1,1,16.66
0.0,0,0.0,42.12,2,0,0,18.21,0,1,0,0,0.0,3,0,1,0.0,0,0,1,580,57.76,0,3,1,1,29.2
0.0,0,0.0,38.44,0,0,0,15.19,0,1,0,0,0.0,0,0,0,0.0,0,0,0,113,4.65,1,1,1,1,0.0
56.9,4,47.0,49.55,2,1,1,35.64,1,1,0,0,9.9,3,1,1,32.1,0,1,0,1130,2.95,0,3,1,1,15.99
0.0,3,0.0,33.45,0,0,0,1.57,0,1,0,0,0.0,0,1,0,0.0,0,0,0,76,334.99,0,1,1,1,0.0
0.0,0,0.0,34.93,2,0,0,2.27,1,0,0,0,0.0,0,0,1,0.0,0,0,0,64,13.67,0,3,1,1,12.3
5108.94,4,1556.52,64.13,3,0,1,51.43,1,1,0,1,3552.42,3,1,1,50465.1,1,1,1,1178,80.28,1,3,1,1,15.94
0.0,3,0.0,32.69,2,0,0,0.33,0,0,0,0,0.0,0,1,0,0.0,0,0,0,77,39.93,0,1,1,0,17.41
1490.0,4,760.0,57.16,3,1,0,54.06,1,1,0,0,730.0,3,1,1,5708.51,1,1,0,976,16.98,1,3,1,1,25.34
7426.19,0,2930.62,58.76,5,0,0,73.97,1,1,0,0,4495.57,3,0,1,42355.3,1,0,1,182,317.64,0,3,1,1,35.26
844.53,6,447.32,75.24,3,1,1,70.07,1,1,1,0,397.21,3,1,1,4126.61,1,1,0,269,25.13,1,3,1,1,23.79
38300.0,9,7800.0,60.08,3,0,0,40.77,1,1,0,0,30500.0,3,1,1,373000.0,1,0,0,588,367.63,0,3,1,1,29.35
0.0,0,0.0,34.79,0,0,0,1.09,0,0,0,0,0.0,0,0,0,0.0,0,0,1,0,534.27,0,3,0,1,0.0
212.22,0,181.93,57.07,3,0,1,36.21,1,1,0,1,30.29,3,0,1,138.33,0,0,0,924,9.66,0,3,0,1,22.34
115.03,0,83.16,57.8,2,0,1,53.73,0,1,0,0,31.87,0,0,1,0.0,1,0,0,115,15.42,0,3,1,1,11.1
0.0,0,0.0,45.96,2,0,0,29.84,1,1,0,0,0.0,0,0,1,0.0,0,0,0,61,144.99,1,3,1,1,42.65
880.0,7,500.0,60.51,1,0,1,58.5,0,1,0,0,380.0,3,1,1,0.0,0,0,0,780,58.87,1,3,1,1,24.33
27433.2,4,581.51,63.02,2,0,0,60.86,1,1,0,0,26851.6,3,1,1,13242.5,1,1,0,276,5424.03,0,3,1,1,33.84
40.62,6,34.17,49.89,1,0,0,36.12,0,1,0,0,6.45,3,1,1,16.72,0,1,0,654,2.29,0,3,1,1,17.22
4754.08,5,2544.08,61.75,3,0,1,61.4,1,1,0,0,2210.0,3,1,1,229824.0,1,0,1,1254,71.7,1,3,1,1,26.61
0.0,3,0.0,35.42,1,0,0,1.9,1,1,0,0,0.0,3,1,0,0.0,0,0,0,790,4.7,0,3,1,1,20.87
71.9,3,54.65,57.42,1,0,0,38.75,1,1,0,1,17.25,3,1,1,331.95,0,1,0,948,0.8,0,3,1,1,16.21
14244.0,6,865.74,65.62,2,0,0,66.81,1,1,0,0,13378.2,3,1,1,0.0,1,1,0,546,974.38,0,3,1,1,28.46
0.0,4,0.0,39.26,2,0,0,14.71,0,0,0,0,0.0,3,1,0,0.0,0,0,1,613,3.36,0,1,1,0,20.87
128.88,3,93.84,57.54,3,1,1,42.8,1,1,1,0,35.04,0,1,1,2713.91,0,1,0,265,8.6,1,3,1,1,15.58
0.0,0,0.0,66.94,4,1,0,69.8,1,1,0,0,189.35,3,0,1,111.25,0,1,0,966,0.0,0,3,1,1,16.59
0.0,4,0.0,36.39,2,1,0,1.09,0,0,0,0,0.0,3,1,0,0.0,0,0,0,498,62.96,0,3,1,0,35.02
0.0,4,0.0,44.42,3,0,1,16.46,0,1,0,0,0.0,3,1,1,0.0,0,0,0,1009,37.68,1,1,1,1,20.9
87.47,0,74.92,42.12,2,0,0,32.07,0,1,0,0,12.56,0,0,1,0.0,1,0,0,91,6.42,0,1,1,1,25.29
0.0,3,0.0,39.03,0,0,0,15.95,0,1,0,0,0.0,0,1,0,0.0,0,0,1,6,73.91,0,3,1,1,0.0
63.29,0,0.0,43.0,2,1,0,18.51,1,1,0,0,0.0,0,0,1,0.0,0,1,0,250,14.87,1,3,1,1,13.18
0.0,0,0.0,32.59,2,0,0,0.48,0,1,0,0,0.0,3,0,0,0.0,0,0,0,590,3.46,0,3,1,0,23.99
1758.1,6,1145.8,47.56,3,0,0,34.25,1,1,1,0,612.31,3,1,1,11061.2,0,0,1,333,26.46,0,3,1,1,34.98
94.0,5,36.5,58.75,2,0,1,54.49,1,1,0,0,57.5,3,1,1,559.85,1,0,0,934,9.62,0,3,1,1,18.15
98.35,5,92.32,56.88,2,1,0,47.21,1,1,0,1,6.03,3,1,1,1062.59,1,0,0,868,13.34,0,3,1,1,15.6
0.0,0,0.0,33.6,0,0,0,2.08,0,1,0,0,0.0,0,0,1,0.0,0,1,0,183,3.1,0,3,1,1,22.48
0.0,0,0.0,34.62,0,0,0,1.57,0,1,0,0,0.0,0,0,0,0.0,0,0,0,181,23.4,0,0,1,1,18.47
14173.7,5,242.88,55.07,3,1,0,26.46,1,1,0,0,13930.9,3,1,0,3423.77,0,0,0,803,1445.28,0,3,1,1,21.33
0.0,0,0.0,43.95,0,0,0,22.98,1,1,0,0,0.0,0,1,0,0.0,0,0,1,46,15.27,0,3,1,1,0.0
0.0,0,0.0,0.0,0,0,0,0.0,0,0,0,0,0.0,0,0,0,0.0,0,0,0,42,0.0,0,1,1,0,0.0
129.3,0,95.68,45.4,2,0,0,33.98,0,1,0,0,33.62,3,0,1,0.0,1,1,0,986,18.65,0,3,1,1,19.68
0.0,0,0.0,39.85,0,0,0,16.46,1,1,0,0,0.0,3,0,1,0.0,0,0,0,932,9.65,0,1,1,1,22.9
0.0,0,0.0,38.94,2,0,0,15.61,0,1,0,0,0.0,3,0,0,0.0,0,0,0,608,16.77,0,3,1,1,15.93
0.0,0,0.0,37.05,1,0,0,8.85,0,1,0,0,0.0,3,0,1,0.0,0,0,0,284,129.61,1,3,1,1,41.44
892.06,5,99.94,49.1,2,0,0,38.18,1,1,0,0,792.12,0,1,1,10233.7,0,0,0,185,91.44,0,1,1,1,16.09
33.11,0,29.51,54.26,1,1,0,34.04,1,0,1,0,3.6,3,0,0,328.75,0,1,0,1237,1.88,0,3,1,1,14.31
286.0,3,281.0,48.18,2,1,1,31.35,1,1,0,0,5.0,3,1,1,929.3,0,0,0,1254,12.93,0,3,1,1,13.18
335.99,0,214.09,44.43,0,0,0,25.28,0,1,0,0,121.9,0,0,1,0.0,0,1,0,66,54.2,0,1,1,1,0.0
15.04,4,14.21,32.8,0,0,0,6.31,0,0,0,0,0.82,0,1,0,0.0,0,0,0,83,2.29,0,1,1,0,22.17
0.0,0,0.0,25.43,3,0,0,0.0,0,0,0,0,0.0,0,0,0,0.0,0,0,0,28,128.87,0,1,1,0,51.46
0.0,0,0.0,32.07,0,0,0,0.0,0,0,0,0,0.0,0,0,0,0.0,0,0,0,124,40.16,0,1,1,0,0.0
5438.25,4,220.59,74.28,3,0,1,70.19,1,1,0,0,5217.66,3,1,1,67599.1,1,1,0,680,657.28,0,3,1,1,24.72
692.09,4,304.92,57.33,2,0,0,53.43,1,1,0,0,387.17,3,1,1,17.48,0,0,1,793,36.68,1,3,1,1,28.63
0.0,0,0.0,27.43,0,0,0,0.0,0,0,0,0,0.0,0,0,0,0.0,0,0,0,59,9.7,0,0,1,0,0.0
0.0,0,0.0,31.7,0,0,0,0.33,0,0,0,0,0.0,0,0,0,0.0,0,0,1,59,8.98,0,1,1,0,0.0
88250.4,6,36.85,55.09,2,0,0,54.42,1,1,0,0,88213.6,3,1,1,38773.4,1,1,0,307,4211.12,0,1,1,1,33.09
20577.1,0,44.78,60.01,2,0,0,46.84,1,1,0,0,20532.3,3,0,0,158.3,0,1,1,400,1222.08,0,1,1,1,32.39
0.0,0,0.0,33.0,0,0,0,0.48,0,1,0,0,0.0,0,0,0,0.0,0,0,0,97,44.67,1,3,1,0,0.0
202.78,0,105.6,48.64,0,0,0,37.42,0,1,0,0,97.18,0,0,1,337.23,1,0,0,182,39.33,1,3,1,1,0.0
279.0,4,160.0,46.74,1,0,0,41.38,0,1,0,0,119.0,3,1,1,5450.0,0,1,0,664,24.73,1,3,1,1,25.75
1171.0,6,790.0,50.05,3,1,1,32.2,1,1,0,0,381.0,3,1,1,17237.0,1,1,0,909,53.04,1,3,1,1,24.83
84.67,0,75.73,53.56,2,0,0,41.77,1,1,0,0,8.94,3,0,1,90.87,0,0,0,854,6.24,0,3,1,1,22.27
4391.31,0,2646.64,57.14,1,0,0,55.69,1,1,0,0,1744.67,3,0,1,0.0,0,0,0,688,412.83,0,3,1,1,32.21
0.0,0,0.0,31.84,0,0,0,0.0,0,0,0,0,0.0,3,0,0,0.0,0,0,1,66,13.39,0,1,1,0,0.0
0.0,0,0.0,37.14,3,1,0,14.38,0,1,0,0,0.0,3,0,0,0.0,0,0,0,675,29.94,0,3,1,1,28.52
26.8,3,24.83,42.65,2,0,0,8.4,1,1,0,0,1.97,3,1,1,12.67,0,0,0,712,0.64,0,3,1,1,17.22
1410.6,5,289.45,54.33,2,0,1,46.63,0,1,0,0,1121.15,3,1,1,11.73,1,0,0,606,30.13,0,3,1,1,12.06
26.87,0,25.0,48.3,1,0,0,21.2,1,1,1,0,1.87,3,0,1,9.76,0,1,0,841,3.51,0,3,1,1,17.05
0.0,0,0.0,48.95,0,0,0,31.17,0,1,0,0,0.0,0,0,1,0.0,1,0,0,142,4.68,0,3,1,1,0.0
0.0,0,0.0,46.31,2,0,0,34.31,1,1,0,0,7500.0,3,0,0,46900.0,1,0,0,237,1243.26,0,3,1,1,33.98
2917.55,0,2162.06,59.94,3,1,0,47.72,1,1,0,0,755.48,3,0,1,78400.0,1,1,1,1113,26.49,1,3,1,1,14.72
0.0,0,0.0,32.69,2,0,0,0.0,0,0,0,0,0.0,0,0,0,0.0,0,1,0,110,10.01,0,1,1,0,11.48
0.0,0,0.0,36.68,3,0,0,0.33,0,0,0,0,0.0,0,0,0,0.0,0,0,1,103,39.34,0,1,1,0,35.19
1562.02,0,1178.75,48.67,0,0,0,33.13,0,1,0,0,383.27,0,0,1,0.0,0,0,0,54,75.6,0,3,1,1,0.0
0.0,0,0.0,42.68,3,1,1,33.83,1,1,0,0,0.0,3,0,1,0.0,0,0,0,1128,12.87,0,3,1,1,28.54
2034.41,0,1067.83,68.83,2,0,0,67.23,1,1,0,0,966.58,3,0,1,0.0,1,0,0,1300,147.83,1,3,1,1,19.93
603.1,0,404.07,47.95,2,0,0,32.35,0,1,0,0,199.03,3,0,1,0.0,0,1,0,241,43.36,0,3,1,1,33.81
472.75,3,311.69,48.18,3,1,0,28.18,1,1,0,0,161.07,3,1,1,0.0,0,1,1,1372,19.92,1,3,1,1,13.52
0.0,0,0.0,40.81,0,0,0,16.52,1,0,0,0,0.0,0,0,0,0.0,0,1,0,122,24.05,0,3,1,0,29.21
782.88,4,673.58,50.79,2,0,0,34.46,1,1,0,0,109.3,3,1,1,80.3,0,0,0,943,17.91,1,3,1,1,14.43
0.0,0,0.0,32.58,2,0,0,0.0,0,0,0,0,0.0,0,0,0,0.0,0,0,0,112,4.34,0,1,1,0,22.59
253.24,3,176.34,47.41,2,0,0,13.2,1,1,0,0,76.9,3,1,1,0.0,0,1,0,922,24.57,1,3,1,1,13.76
51.72,0,27.97,54.37,1,0,0,22.8,1,0,0,1,23.75,3,0,1,17.82,0,1,0,847,1.13,0,3,1,1,20.52
414.55,5,387.91,46.0,2,0,0,15.55,1,1,0,0,26.64,3,1,1,7.1,0,1,0,832,12.87,0,3,1,1,18.16
5737.14,0,2253.36,59.89,4,1,0,61.25,0,1,0,0,3483.78,3,0,1,0.0,1,1,0,535,146.43,1,3,1,1,36.67
312.41,6,255.93,47.66,3,0,0,29.45,0,0,0,0,56.48,3,1,0,170.57,0,1,0,723,11.37,0,3,0,1,30.05
122.22,0,119.48,46.31,4,1,1,26.55,1,0,0,0,2.74,3,0,0,5896.46,0,1,0,530,9.85,0,1,1,1,29.23
2072.91,5,32.08,42.36,2,0,0,19.15,1,0,0,0,2040.83,3,1,1,0.0,1,0,0,479,245.07,0,3,1,1,34.0
151.01,0,143.62,36.62,2,0,0,4.26,0,0,0,0,7.39,3,0,0,5.81,0,0,0,645,18.74,0,3,1,0,15.46
10415.5,5,726.51,51.63,2,1,0,36.42,1,1,0,0,9688.96,3,1,1,15.5,1,0,1,960,526.61,0,1,1,1,25.26
34608.6,6,201.69,49.12,2,0,0,36.67,1,1,0,0,34406.9,0,1,0,22131.7,0,1,0,154,1166.03,0,3,1,1,30.1
675.99,4,0.0,39.32,0,1,0,14.74,1,1,0,0,367.48,0,1,1,17744.4,1,0,0,110,40.43,0,3,1,1,0.0
383.39,5,44.86,52.01,1,0,0,45.61,0,1,0,0,338.53,3,1,1,0.0,0,0,0,804,51.12,0,3,1,1,18.45
33.077,6,3147.0,46.65,3,0,0,27.21,0,1,0,0,29930.0,0,1,1,0.0,1,1,1,56,1838.32,0,3,1,1,34.79
170.71,3,153.0,50.45,3,1,0,32.89,0,1,0,0,17.71,3,1,1,429.81,1,1,0,1237,1.72,1,3,1,1,17.54
185.95,5,33.13,54.72,2,1,0,51.13,1,1,0,0,151.82,0,1,1,37.53,0,1,0,86,15.46,1,3,1,1,19.29
0.0,0,0.0,33.28,3,0,0,1.24,0,1,0,0,0.0,3,0,0,0.0,0,0,1,380,57.44,0,3,1,1,32.9
27.03,4,20.34,48.74,1,0,0,16.82,1,1,0,0,6.69,0,1,1,33.49,0,0,0,160,1.71,0,3,1,1,20.03
14977.0,0,754.0,67.17,2,0,1,57.41,1,1,0,0,14223.0,3,0,1,21008.0,1,0,0,932,295.07,1,3,0,1,19.5
733.52,3,166.34,40.28,1,0,0,32.2,0,1,0,0,567.18,0,1,0,0.0,0,0,0,126,28.3,1,3,1,1,13.37
0.0,3,0.0,49.76,2,0,0,20.18,1,1,0,0,23000.0,3,1,1,0.0,1,1,0,680,462.79,0,3,1,1,30.05
0.0,0,0.0,39.15,0,0,0,14.38,0,0,0,0,0.0,3,0,0,0.0,0,0,0,56,14.5,1,3,1,0,0.0
4365.63,5,4006.87,57.57,3,1,1,35.03,1,1,0,1,358.75,3,1,1,16954.2,0,1,0,1111,37.49,0,3,1,1,18.48
13.45,0,7.81,41.57,2,0,0,18.45,0,1,0,0,5.64,3,0,0,0.0,0,0,0,1101,9.35,0,3,1,1,23.07
233.25,6,160.42,52.71,2,1,1,32.26,1,1,0,0,72.82,3,1,1,7585.1,1,1,0,1019,6.59,1,3,1,1,12.89
0.0,3,0.0,25.73,0,0,0,14.38,0,0,0,0,0.0,0,1,0,0.0,0,0,0,20,0.0,0,3,1,0,0.0
64.5,5,52.77,50.18,3,1,1,32.04,1,1,0,0,11.73,3,1,1,521.87,0,1,1,1522,3.32,0,3,1,1,16.07
105772.0,2,249.07,55.62,2,1,0,44.37,1,0,1,0,105523.0,3,1,0,0.0,0,1,0,164,9652.77,0,3,1,1,34.82
16.15,0,15.01,50.37,1,0,0,33.22,0,1,0,0,1.15,0,0,1,7.01,0,1,1,286,2.38,0,3,1,1,24.86
1.23,0,0.43,34.52,1,0,0,7.85,1,1,0,1,0.8,3,1,1,6.92,1,0,1,502,0.64,0,3,1,1,21.95
115.65,10,80.96,57.05,1,1,0,39.02,1,1,0,0,34.69,3,1,1,17629.6,0,1,0,913,9.52,1,3,1,1,14.6
2066.0,4,1645.0,59.1,3,0,0,42.07,1,1,0,0,421.0,3,1,1,37899.0,1,1,0,654,14.81,1,3,1,1,18.29
18120.0,3,12020.0,46.63,4,1,1,22.53,1,1,0,0,6100.0,3,1,1,0.0,0,1,0,621,88.86,1,3,1,1,24.63
1865.38,0,1010.31,52.91,2,0,0,32.35,1,1,0,0,855.07,3,0,1,0.0,1,1,0,1164,20.81,1,3,1,1,14.88
15863.0,0,238.34,69.51,2,0,1,58.59,1,1,0,0,15624.6,3,0,1,3211.66,1,0,0,1054,1176.95,0,3,1,1,16.73
0.0,0,0.0,32.12,2,0,0,0.0,0,0,0,0,0.0,3,0,0,0.0,0,0,0,369,5.65,0,1,1,0,29.2
22177.0,0,110.0,64.96,1,1,0,65.75,1,1,0,0,22067.0,3,0,1,32937.0,1,1,1,301,3031.28,0,3,1,1,27.52
863.32,4,771.33,63.94,5,0,1,42.1,1,1,0,0,91.99,3,1,1,3610.45,0,0,0,530,10.72,0,3,1,1,32.84
0.0,0,0.0,40.49,0,0,0,15.61,0,1,0,0,0.0,0,0,0,0.0,0,0,0,117,4.89,0,3,1,1,22.15
1020.99,0,970.43,60.6,1,1,0,46.66,1,1,0,0,50.56,3,0,0,35.33,0,0,0,717,56.87,1,3,1,1,11.43
384.48,0,0.0,43.44,1,0,0,20.18,0,1,0,0,0.0,3,0,1,0.0,0,0,0,574,27.32,0,2,1,1,23.25
8159.97,0,2319.37,61.87,1,0,0,53.79,1,1,0,0,6200.6,3,0,1,0.0,1,0,1,663,645.43,1,3,1,1,20.68
1110.0,4,700.0,65.98,2,1,0,63.67,1,1,0,0,410.0,3,1,1,0.0,1,0,0,786,107.36,0,3,1,1,17.56
684.41,0,502.31,57.43,2,1,0,42.62,1,1,0,0,182.1,3,0,1,67600.0,0,1,1,576,32.71,1,3,1,1,15.8
12650.0,5,1470.0,65.76,2,0,0,50.5,1,1,0,0,11180.0,3,1,1,0.0,1,1,0,674,1320.91,0,3,0,1,23.5
92.34,0,75.65,43.31,2,0,0,14.07,1,1,0,0,16.69,0,0,0,0.0,0,0,0,222,15.15,1,3,1,1,11.63
59.97,7,6.85,34.5,0,0,0,5.26,0,1,0,0,53.12,0,1,1,0.0,0,0,1,92,4.66,0,1,1,1,0.0
44663.6,6,607.64,70.23,2,0,1,57.9,1,1,1,1,44055.9,3,1,1,7122.92,1,1,1,373,3524.73,0,3,1,1,23.7
127.83,3,44.1,65.24,2,0,1,74.18,1,1,0,0,83.73,0,1,1,824.79,0,1,0,159,15.14,1,3,1,1,16.89
2014.71,0,206.0,49.3,3,0,0,37.84,1,1,0,0,1808.7,0,0,1,777.94,0,1,0,135,132.85,1,3,1,1,25.74
163.89,0,140.34,57.12,2,1,1,46.12,1,1,0,0,23.54,3,0,1,36159.7,0,1,1,608,27.13,1,3,1,1,20.55
2070.79,0,1956.07,53.48,2,1,0,25.07,1,1,0,0,114.72,3,0,1,0.0,0,1,1,566,277.02,1,3,1,1,20.21
80.14,5,0.0,44.32,2,1,0,24.83,0,1,0,0,0.0,3,1,1,0.0,1,0,0,569,7.66,0,3,1,1,27.3
299.55,5,217.51,49.62,1,0,0,35.73,0,1,0,0,82.04,3,1,1,0.0,0,0,0,1118,45.23,0,3,1,1,18.47
5280.0,5,1680.0,63.78,3,0,1,54.55,1,1,0,0,3600.0,3,1,1,9279.3,1,1,1,844,152.22,1,3,1,1,33.61
980.0,7,480.0,78.76,3,1,0,74.78,1,1,0,0,500.0,3,1,1,11222.1,1,0,1,968,27.64,1,3,1,1,24.98
578.0,6,313.0,63.48,3,1,1,38.27,1,1,0,0,265.0,3,1,1,0.0,0,0,1,1124,14.65,0,3,1,1,27.84
42.64,0,5.81,48.4,0,0,0,29.66,1,1,0,0,36.83,0,0,1,2.2,1,0,1,90,7.03,0,3,1,1,0.0
0.0,0,0.0,0.0,0,0,0,0.0,0,0,0,0,0.0,0,0,0,0.0,0,0,0,82,33.28,0,3,1,0,0.0
0.0,0,0.0,40.34,4,0,0,15.61,0,1,0,0,0.0,3,0,0,0.0,0,1,0,706,3.12,0,3,1,1,18.94
61.02,0,51.18,69.11,1,1,1,65.09,1,1,0,0,9.84,3,0,0,438.24,0,0,0,1448,4.78,0,3,1,1,12.46
0.0,4,0.0,48.22,2,1,0,22.77,1,1,0,0,78.93,3,1,0,0.0,1,0,0,577,31.95,0,3,1,1,12.97
47.32,0,44.99,68.63,1,1,1,60.01,0,1,0,0,2.34,3,0,1,5554.65,0,0,0,1003,3.12,1,3,1,1,20.09
112.34,5,0.0,41.62,2,1,0,18.54,1,1,1,0,0.0,0,1,1,5734.29,0,1,0,169,6.55,0,3,1,1,26.19
43215.0,4,254.0,71.03,2,0,0,73.03,1,1,0,1,42961.0,3,1,1,7269.2,1,1,1,325,5309.13,0,3,1,1,34.15
12.26,4,10.17,46.12,2,0,0,27.12,1,1,0,0,2.09,3,1,0,338.66,0,1,1,776,0.67,0,3,1,1,17.3
0.0,4,0.0,39.5,2,0,1,15.8,1,0,0,0,0.0,0,1,0,0.0,0,0,1,315,16.5,0,3,1,1,20.45
24183.9,5,9159.24,70.77,1,0,0,57.2,1,1,0,0,15024.6,3,1,1,8400.0,1,0,1,661,2789.28,1,1,1,1,10.81
0.0,0,0.0,0.0,3,0,0,0.0,0,0,0,0,0.0,3,0,0,0.0,0,0,1,52,60.66,0,3,1,0,29.74
23900.0,6,5400.0,79.86,3,0,0,77.26,1,1,0,0,18500.0,3,1,1,40700.0,1,1,1,254,2112.6,0,3,1,1,24.78
11.27,0,4.37,45.99,0,0,0,53.76,0,1,0,0,6.9,0,0,1,0.0,0,0,1,68,0.0,0,3,1,1,0.0
0.0,4,0.0,40.42,1,0,0,15.04,1,0,0,1,0.0,3,1,0,0.0,0,0,0,380,4.74,0,3,1,0,21.71
98.67,4,77.82,56.17,2,0,0,29.39,1,1,0,0,20.85,3,1,1,494.67,0,0,1,848,2.29,0,3,1,1,19.22
0.0,0,0.0,34.51,2,0,0,1.75,0,1,0,0,0.0,3,0,1,0.0,0,1,0,757,19.16,0,3,1,1,22.23
5903.79,0,38.69,58.69,4,0,1,51.43,1,1,1,1,950.11,3,0,1,5865.1,1,1,1,1490,30.27,1,3,1,1,24.14
0.0,0,0.0,27.78,2,0,0,0.0,0,0,1,0,0.0,0,0,0,0.0,0,0,1,116,17.41,0,3,1,0,22.37
284.01,6,144.14,67.35,2,1,1,68.35,1,1,0,0,139.87,3,1,1,5532.01,1,0,1,270,16.46,0,3,1,1,23.99
14890.0,3,5270.0,51.55,3,1,1,23.62,1,1,1,0,9620.0,3,1,1,45760.0,1,1,1,1314,144.93,1,3,1,1,30.28
26025.3,7,58.11,57.09,2,1,1,44.0,1,1,0,0,25967.2,3,1,1,13769.7,1,1,0,272,5213.11,0,3,1,1,29.44
20089.0,5,258.0,62.73,2,1,1,64.09,1,1,0,0,19831.0,0,1,1,9674.0,0,1,1,194,1145.27,0,3,1,1,29.1
49680.6,7,409.23,64.87,2,0,1,54.61,1,1,0,0,49271.4,3,1,1,40440.5,1,1,0,339,3977.78,0,1,1,1,25.81
109.64,6,90.02,62.39,2,1,1,46.36,1,1,1,0,19.62,3,1,1,5.51,0,1,1,1091,2.65,1,3,1,1,18.38
0.0,0,0.0,31.56,1,0,0,0.33,0,0,0,0,0.0,3,0,0,0.0,0,0,0,331,4.35,0,3,1,0,29.09
77.26,4,71.11,44.76,2,1,0,20.05,1,0,0,1,6.16,3,1,0,430.6,0,1,1,663,2.04,0,3,0,1,25.32
627.71,0,30.74,55.83,0,0,0,40.38,1,0,0,0,596.97,3,0,1,3581.97,1,0,0,1086,114.63,0,3,1,1,10.94
11.94,4,10.3,42.61,2,0,0,10.66,1,1,0,0,1.64,3,1,0,0.0,0,0,0,839,1.4,0,3,1,1,22.61
107.65,3,74.29,63.26,3,1,1,46.87,1,0,0,0,33.36,3,1,0,25.78,0,0,0,751,0.67,0,3,1,0,12.32
277.49,4,138.53,64.96,3,0,0,53.31,0,1,0,0,138.96,3,1,1,2763.75,0,1,0,1224,13.1,1,3,1,1,22.04
337.76,3,306.48,55.79,2,0,0,56.09,1,1,0,0,31.28,3,1,1,0.0,0,0,0,526,41.96,1,3,1,1,21.58
140.62,2,0.0,53.72,0,0,1,39.17,1,0,0,1,0.0,3,1,1,1.59,0,1,0,828,56.84,1,3,1,1,23.78
0.0,0,0.0,32.59,0,0,0,0.48,0,1,0,0,0.0,0,0,0,0.0,0,0,0,76,53.91,0,3,1,0,0.0
103.43,4,91.14,53.14,2,0,1,37.0,1,1,0,0,12.3,3,1,1,947.2,0,0,0,1067,0.73,0,3,1,1,11.48
937.63,0,890.19,54.36,3,1,1,48.05,1,1,0,1,47.44,3,0,1,22547.0,1,1,1,1383,3.6,1,3,1,1,16.41
175.5,3,126.6,60.62,1,1,1,38.33,1,1,0,0,48.9,3,1,1,8.4,0,0,1,1221,9.96,1,3,1,1,11.56
386.36,5,56.41,45.84,2,1,0,34.76,0,1,0,0,329.94,3,1,1,4311.06,1,0,0,325,36.94,1,3,1,1,26.47
16200.0,5,2700.0,55.91,3,1,0,42.46,1,1,0,0,13500.0,3,1,1,37800.0,1,0,1,610,221.02,0,3,1,1,36.4
0.0,5,0.0,34.65,1,0,0,1.24,0,1,0,0,0.0,3,1,1,0.0,0,0,0,390,34.37,0,3,1,1,9.94
47.19,0,47.16,35.48,2,0,0,5.68,1,0,0,0,0.03,3,0,0,37.06,0,0,0,646,8.16,0,3,1,1,21.75
0.0,0,0.0,34.21,0,0,0,1.75,0,1,0,0,0.0,0,0,1,0.0,0,0,0,116,11.28,0,3,1,1,0.0
17.56,0,16.43,50.4,3,0,0,29.39,1,1,0,0,1.13,3,0,1,340.52,0,0,0,546,1.94,0,3,1,1,24.59
6680.01,4,5635.26,71.55,3,1,1,60.5,1,1,0,0,1044.75,3,1,1,4513.31,0,1,1,829,45.5,1,3,1,1,22.07
381.64,5,283.67,54.87,3,1,0,46.27,1,1,0,0,97.97,0,1,1,0.0,1,1,0,179,56.23,0,3,1,1,16.95
0.0,0,0.0,45.36,1,0,0,15.95,1,1,0,0,0.0,3,0,0,0.0,0,1,0,1050,8.94,0,3,1,1,13.97
0.0,3,0.0,37.91,2,0,0,15.22,0,0,0,0,0.0,0,1,1,0.0,0,0,0,112,10.06,0,3,1,0,13.0
0.0,0,0.0,46.15,2,0,0,27.39,0,1,0,0,0.0,3,0,0,0.0,0,0,0,659,18.55,1,3,1,1,11.34
61.88,0,35.92,40.93,1,0,0,21.41,1,1,0,0,25.97,3,0,1,0.0,0,0,0,482,9.52,1,3,1,1,19.14
402.0,5,210.0,57.91,1,0,0,38.33,1,1,0,0,192.0,3,1,1,2874.11,1,0,0,557,51.42,1,3,1,1,15.35
4958.12,3,37.77,51.74,2,1,0,41.53,1,1,0,0,4920.35,0,1,1,14.49,1,0,1,109,1085.79,0,3,1,1,20.08
36.46,5,31.04,44.32,1,0,0,24.19,1,1,0,0,5.42,0,1,1,34.94,0,0,0,140,3.08,0,3,1,1,10.2
748.27,5,315.95,66.39,1,0,0,54.52,1,1,0,0,432.32,3,1,1,2349.27,1,1,1,686,36.72,0,3,1,1,21.13
1220.16,0,779.65,73.21,2,1,1,72.46,1,1,0,0,440.51,3,0,1,10004.6,0,1,0,874,111.04,1,3,1,1,10.81
711.03,7,657.64,70.79,3,1,1,65.87,1,1,1,0,53.39,3,1,1,3291.4,1,1,1,955,8.27,0,3,1,1,27.15
113.89,4,107.97,64.99,3,0,0,54.15,1,1,0,1,5.92,3,1,1,2.26,0,0,1,920,6.99,0,3,1,1,21.48
251.18,0,224.56,47.78,2,0,0,38.45,1,1,0,0,26.63,3,0,1,759.36,1,0,0,451,27.38,1,3,1,1,15.74
721.0,0,409.0,69.45,3,0,0,62.52,1,1,0,0,312.0,3,0,1,3882.0,1,1,0,810,66.6,1,3,1,1,23.74
0.0,0,0.0,43.57,0,0,0,16.46,0,1,0,0,0.0,0,0,1,0.0,0,0,0,74,14.79,0,0,1,1,0.0
433.45,5,316.73,59.94,3,0,1,44.04,1,1,0,0,116.72,3,1,1,2251.22,0,1,1,917,29.06,1,3,1,1,26.74
0.0,6,0.0,40.4,0,1,0,17.31,0,1,0,0,0.0,3,1,1,0.0,0,1,0,79,24.17,1,3,1,1,0.0
0.0,0,0.0,30.98,1,0,0,0.0,0,0,0,0,0.0,3,0,0,0.0,0,0,0,0,250.68,0,3,1,0,16.02
2402.71,0,2137.29,64.76,1,1,0,66.11,1,1,0,0,265.43,0,0,1,8693.44,1,1,0,86,176.8,1,3,1,1,17.2
0.0,5,0.0,58.13,2,1,1,45.97,1,1,0,0,253.88,3,1,1,22895.0,0,1,1,954,12.08,1,3,1,1,14.26
246.64,0,210.41,42.07,0,0,0,12.59,0,1,0,0,36.24,0,0,1,2430.73,0,0,0,93,45.81,0,3,1,1,0.0
94.51,0,36.95,64.76,3,1,1,54.12,1,1,0,0,57.55,3,0,1,348.91,0,1,1,1041,10.45,1,3,1,1,21.05
0.0,0,0.0,38.3,2,0,0,14.71,0,0,0,0,0.0,0,0,0,0.0,0,0,0,134,41.87,0,1,1,0,30.23
22.64,6,19.36,47.72,2,1,1,23.35,1,1,0,0,3.28,3,1,0,354.4,0,0,1,977,1.48,0,3,1,1,20.57
8.23,0,7.59,24.41,2,0,0,6.34,0,1,0,0,0.65,3,0,1,3.73,0,0,0,489,0.78,0,3,1,1,25.7
0.0,3,4.96,41.22,1,0,0,21.9,0,1,0,0,0.0,3,1,1,240.46,0,1,0,680,1.6,0,3,1,1,18.77
1360.0,0,800.0,52.96,4,0,0,41.53,1,1,0,0,560.0,3,0,1,158092.0,1,1,1,246,25.86,1,3,1,1,34.68
0.0,0,0.0,39.9,0,0,0,17.64,1,1,0,0,0.0,0,0,1,0.0,1,0,0,145,56.97,1,3,1,1,0.0
44.37,0,41.99,43.96,3,0,0,26.73,0,1,0,0,2.37,3,0,1,108.83,1,1,0,957,0.15,1,3,1,1,22.33
15.14,0,15.11,43.82,2,1,0,19.87,0,1,0,0,0.03,3,0,0,81.26,0,1,1,370,3.09,0,3,1,1,16.49
342.52,5,284.92,53.32,2,1,0,30.78,1,1,0,0,57.6,3,1,1,12000.0,1,1,0,676,69.32,1,2,1,1,13.44
53.73,4,17.82,61.82,2,0,1,52.94,1,1,1,0,35.91,3,1,1,0.0,0,1,0,758,5.18,1,3,1,1,26.33
0.0,4,0.0,36.78,0,0,0,0.0,0,0,0,0,0.0,0,1,0,0.0,0,0,0,136,7.03,0,3,1,0,21.71
278.04,0,112.7,53.61,2,0,1,36.03,1,1,0,0,165.34,3,0,1,11.89,1,1,1,1166,7.49,1,3,1,1,22.83
0.0,4,0.0,45.64,3,0,0,16.79,1,1,0,0,0.0,3,1,1,0.0,0,0,0,786,12.65,0,3,1,1,22.41
0.0,0,0.0,35.21,1,1,0,2.08,0,1,0,0,0.0,0,0,1,0.0,0,0,0,169,8.98,0,3,1,1,31.6
192.72,0,167.93,46.69,2,0,0,35.73,1,1,0,0,24.79,3,0,1,78.8,0,0,0,495,21.53,0,3,1,1,16.22
33.63,0,31.58,55.25,1,0,0,41.5,1,0,0,0,2.05,3,0,0,0.0,0,0,0,749,1.65,0,3,1,1,20.17
0.0,0,0.0,31.92,2,0,0,0.0,0,0,0,0,0.0,0,0,0,0.0,0,0,0,65,16.16,0,1,1,0,16.76
722.2,0,252.29,64.89,2,0,0,59.77,1,1,0,0,469.91,3,0,1,4110.38,1,0,0,700,96.58,1,3,1,1,22.56
0.0,0,0.0,32.69,0,0,0,0.33,0,0,0,0,0.0,0,0,0,0.0,0,0,0,74,31.99,0,1,1,0,0.0
156.17,4,146.67,52.33,4,0,1,37.21,1,1,0,0,9.5,3,1,1,390.98,1,0,1,663,4.75,0,3,1,1,22.62
443.0,3,290.0,59.04,3,1,1,33.52,1,1,0,0,153.0,3,1,1,11.0,0,0,1,763,4.19,1,3,1,1,12.28
0.0,0,0.0,35.81,1,0,0,5.53,0,1,0,0,0.0,3,0,1,0.0,0,1,0,545,6.28,0,1,1,1,11.97
391.75,4,197.98,54.36,2,1,0,44.61,1,1,0,0,193.77,3,1,1,0.0,0,1,1,695,25.29,0,3,1,1,16.83
0.0,0,0.0,31.48,2,0,0,0.0,0,0,0,0,0.0,0,0,0,0.0,0,0,0,311,6.61,0,1,1,0,13.09
0.0,4,0.0,34.22,2,0,0,2.42,0,1,0,0,0.0,0,1,1,0.0,0,0,0,72,60.47,0,1,1,1,29.76
1521.0,4,827.0,57.93,4,1,1,35.28,1,1,0,0,694.0,3,1,1,0.0,0,0,0,877,36.74,1,3,1,1,34.18
83.02,0,22.64,60.53,1,1,1,28.03,1,1,1,0,60.38,3,0,1,361250.0,0,0,0,934,3.63,0,3,1,1,6.99
0.0,10,0.0,36.46,0,0,0,4.14,1,1,0,0,0.0,3,1,1,0.0,0,1,0,577,6.16,1,3,1,1,9.14
3646.97,4,1371.08,57.66,2,0,0,57.78,1,1,0,0,2275.9,3,1,1,0.0,0,0,0,484,564.08,1,3,1,1,29.27
153.24,1,140.66,36.97,2,0,0,4.32,1,1,0,0,12.58,3,1,0,0.0,0,0,1,852,1.32,0,3,1,0,20.83
5281.64,4,44.37,58.42,2,0,0,56.48,1,1,0,0,5237.27,3,1,1,26661.3,1,1,0,345,1023.72,0,3,1,1,25.56
133.88,6,127.4,48.34,2,0,0,29.81,0,1,0,0,6.48,0,1,0,682.26,0,0,1,595,26.69,0,3,1,1,21.38
0.0,0,0.0,32.19,2,0,0,0.76,0,0,0,0,0.0,3,0,0,0.0,0,0,0,868,7.53,0,3,1,1,24.01
1474.55,5,1076.97,37.25,2,0,0,6.43,0,0,0,0,397.58,3,1,0,1014.67,0,1,0,627,32.66,0,3,1,1,26.53
6343.88,5,192.87,54.57,2,0,0,14.29,0,1,0,0,6151.02,3,1,1,0.0,1,0,0,614,699.28,0,3,1,0,23.67
57000.0,4,1000.0,62.09,3,0,0,44.13,1,1,0,0,56000.0,3,1,1,588000.0,1,1,1,535,446.51,0,3,1,1,37.61
0.0,0,0.0,31.71,1,0,0,0.0,0,0,0,0,0.0,3,0,0,0.0,0,0,0,268,7.57,0,1,1,0,28.44
244.16,0,125.87,53.82,2,1,0,25.37,1,1,0,0,118.3,3,0,1,0.0,0,0,0,599,39.82,1,3,1,1,24.19
0.0,0,0.0,41.94,0,0,0,16.46,0,1,0,0,0.0,0,0,1,0.0,0,0,0,43,34.2,0,1,0,1,0.0
129.33,4,116.42,59.7,2,1,1,39.02,1,1,0,0,12.81,3,1,1,7.77,0,1,1,930,1.39,0,3,1,1,14.4
24.41,5,11.61,37.84,1,0,0,12.08,0,1,0,0,12.8,3,1,1,0.0,0,0,0,509,3.04,0,3,1,1,25.62
506.32,0,103.29,50.06,2,0,0,35.85,0,0,0,0,403.03,3,0,1,0.0,0,1,0,634,70.83,0,3,1,1,18.81
647.19,0,607.97,64.64,2,1,1,65.57,1,1,0,0,39.22,3,0,1,24867.5,1,1,1,1391,14.59,1,3,1,1,12.07
526.46,5,505.22,61.78,4,0,1,42.95,1,1,0,1,21.24,3,1,1,21.83,1,1,1,904,7.49,0,3,1,1,27.1
41.25,0,31.39,42.67,2,0,0,13.35,1,0,0,0,10.21,3,0,0,13.75,0,0,0,686,6.68,0,6,1,0,22.33
260.0,3,185.0,56.94,2,0,1,42.86,0,1,0,0,75.0,3,1,1,370.0,1,0,0,808,45.62,1,3,1,1,21.08
11527.7,3,593.66,61.75,2,0,1,60.01,1,1,1,0,10934.0,3,1,1,18676.7,1,1,0,347,1964.23,0,3,1,1,21.29
1596.17,4,802.71,60.98,3,1,0,59.14,1,1,1,0,793.46,3,1,1,50420.2,1,1,1,1121,45.57,1,3,1,1,22.56
155.57,5,148.14,46.08,2,0,0,26.25,1,1,0,0,7.44,3,1,1,124.24,0,1,1,779,6.9,0,3,1,1,14.38
577.68,5,386.54,79.58,3,1,1,72.4,1,1,0,1,191.14,3,1,1,41712.1,1,1,1,1152,38.46,1,3,1,1,22.12
2290.65,3,1743.56,51.3,2,0,0,33.04,0,1,0,0,547.08,3,1,0,0.0,0,1,0,950,20.96,0,3,1,1,24.76
2626.55,0,1523.93,59.84,0,1,1,58.32,1,1,0,0,1102.62,0,0,1,0.0,0,0,0,113,451.71,0,1,1,1,0.0
191.05,0,131.13,58.27,0,0,0,44.91,1,1,0,0,59.93,0,0,1,36.58,1,0,1,99,23.51,1,3,1,1,14.76
0.0,0,0.0,40.23,0,0,0,16.79,1,1,0,0,0.0,0,0,1,0.0,0,0,0,66,42.67,0,1,1,1,0.0
864.51,5,440.34,58.17,2,1,0,52.31,1,1,0,0,424.18,3,1,1,13331.5,1,0,0,648,80.53,1,3,1,1,32.76
16150.0,7,667.66,63.81,2,0,0,52.7,1,1,0,0,15482.4,3,1,1,162700.0,1,1,1,590,483.41,0,3,1,1,34.9
3620.0,5,920.0,50.64,3,0,1,34.22,1,1,0,0,2700.0,3,1,1,29500.0,1,0,1,721,335.88,0,3,1,1,23.09
374.86,0,52.33,42.5,2,0,0,23.86,1,1,0,0,322.53,3,0,1,0.0,1,0,0,491,50.85,0,2,1,1,25.79
0.0,0,0.0,33.53,0,0,0,0.33,0,0,0,0,0.0,0,0,0,0.0,0,0,0,7,16.3,0,4,1,1,0.0
0.0,3,0.0,43.92,2,1,1,23.23,0,1,0,0,0.0,3,1,1,0.0,0,0,0,570,176.3,0,3,1,1,19.42
980.0,5,520.0,63.33,3,1,0,57.23,1,1,0,0,460.0,3,1,1,6400.0,1,1,1,501,76.95,1,3,1,1,40.01
2663.03,0,0.0,41.5,3,0,0,23.32,1,1,0,0,0.0,3,0,1,0.0,1,0,0,813,17.5,1,1,1,1,24.19
73.1,0,42.11,49.61,2,0,0,29.33,1,0,1,0,30.99,0,0,1,35.21,0,0,0,92,13.58,0,3,1,1,32.7
77.8,0,63.82,51.59,0,0,0,30.78,1,1,0,0,13.98,3,0,1,0.0,1,1,0,860,13.16,0,3,1,1,13.2
1424.62,5,810.7,51.08,1,1,1,50.98,0,1,0,0,613.92,3,1,1,14298.1,0,0,0,414,139.1,1,3,1,1,9.81
4000.33,6,185.22,61.03,3,1,0,63.18,1,1,0,0,3815.11,3,1,1,2559.85,1,0,0,823,385.68,0,3,1,1,20.09
699.05,7,440.62,59.43,2,1,1,52.01,1,1,0,0,258.44,3,1,1,757353.0,0,1,1,982,35.98,1,3,1,1,19.36
0.0,5,0.0,61.74,3,1,0,45.7,0,1,0,0,165.38,3,1,1,10743.2,0,1,0,959,4.69,1,3,1,1,22.86
0.0,0,0.0,32.24,2,0,0,0.42,0,0,0,0,0.0,3,0,0,0.0,0,0,0,576,2.47,0,3,1,1,22.06
545.8,3,403.2,56.34,0,1,1,61.76,1,1,0,0,142.8,0,1,1,0.0,1,0,0,134,71.96,1,3,1,1,0.0
312.86,4,196.09,45.4,2,0,0,30.05,0,1,0,0,116.77,3,1,1,0.0,0,0,0,1184,15.29,1,3,1,1,11.73
774.2,3,0.0,46.78,2,0,0,17.12,1,1,0,0,0.0,3,1,1,0.0,0,0,0,530,127.53,0,1,1,1,28.06
290.01,3,229.25,50.86,2,0,1,37.27,0,1,0,0,60.75,3,1,1,1316.32,1,0,0,706,26.89,0,3,1,1,22.72
8663.94,0,798.53,42.12,0,0,0,37.84,0,0,0,0,7865.41,0,0,0,0.0,1,1,0,17,1507.64,0,3,1,0,0.0
766.0,0,433.0,53.4,2,1,0,30.96,1,1,0,0,333.0,3,0,1,0.0,0,0,1,1137,56.76,0,3,1,1,16.64
5090.0,3,690.0,50.12,0,0,0,35.4,1,1,0,0,4400.0,0,1,0,38000.0,0,0,0,73,649.75,0,3,1,1,0.0
469.4,0,411.4,53.82,2,0,1,36.15,1,1,0,0,58.0,3,0,1,15342.9,0,0,1,583,4.72,1,3,1,1,16.22
257.23,0,229.96,52.69,2,0,0,37.15,0,1,0,0,27.27,0,0,1,0.0,0,0,0,139,22.64,1,3,1,1,16.2
40.17,3,38.49,38.77,2,0,0,12.84,0,1,0,0,1.68,3,1,1,0.0,1,0,0,768,3.63,0,3,1,1,22.57
0.0,0,0.0,32.07,1,0,0,0.0,0,0,0,0,0.0,3,0,0,0.0,0,1,0,544,20.94,0,3,1,0,17.24
0.0,0,0.0,37.25,3,0,0,15.28,0,1,0,0,0.0,3,0,0,0.0,0,0,0,375,10.62,0,0,1,1,21.4
1462.27,0,1114.44,38.42,2,0,0,11.99,0,1,0,0,347.83,3,0,0,0.0,0,0,0,618,60.64,0,3,1,1,17.11
0.0,6,0.0,38.68,2,0,0,15.28,0,1,0,0,0.0,3,1,0,0.0,0,0,0,587,50.99,0,3,1,1,15.08
37813.2,6,4576.14,64.08,2,0,0,64.27,1,1,1,0,33237.1,3,1,1,17093.3,1,1,1,397,3316.97,0,3,1,1,25.38
132.58,0,92.83,50.88,1,1,0,42.49,1,0,0,0,39.75,3,0,1,16292.5,0,0,0,718,21.7,0,1,1,1,25.09
34760.0,6,6560.0,63.55,3,0,1,53.31,1,1,1,0,28200.0,3,1,1,69300.0,1,1,1,579,690.49,1,3,1,1,24.1
24837.2,4,279.0,67.84,2,0,0,73.06,1,1,1,0,24558.2,3,1,1,20340.8,1,1,1,300,2495.63,0,3,1,1,25.41
75368.9,4,29851.3,72.17,2,0,0,73.91,1,1,0,0,3.72,3,1,1,4.9,1,1,0,344,3789.42,0,3,1,1,27.63
5148.0,6,2074.0,67.68,3,0,1,69.53,1,1,0,0,3074.0,3,1,1,1074.9,1,1,0,568,222.38,0,3,1,1,28.95
706.63,0,665.21,62.25,2,0,0,63.15,1,1,0,0,41.42,0,0,1,73.15,0,0,0,0,25.2,1,3,1,1,16.08
6372.99,9,1371.73,67.43,2,0,0,60.68,1,1,0,0,5001.26,3,1,1,21398.9,1,1,0,345,799.76,1,3,1,1,24.36
158.59,0,139.39,62.67,2,1,1,57.44,1,1,0,0,19.2,3,0,1,1468.1,1,1,1,1008,5.35,1,3,1,1,17.11
427.6,6,144.62,75.56,2,1,1,79.16,1,1,1,0,282.97,3,1,1,6906.36,1,1,0,1183,38.19,1,3,1,1,24.09
2200.0,4,700.0,60.1,3,0,1,45.42,1,1,1,0,1500.0,3,1,1,11300.0,1,0,1,608,180.64,0,3,1,1,27.43
0.0,2,0.0,43.58,2,0,0,21.08,0,0,0,0,0.0,3,1,0,0.0,0,0,0,1019,25.96,0,3,1,0,10.36
709.57,4,550.92,61.51,2,0,0,55.9,1,1,0,0,158.65,3,1,1,175.95,1,1,0,1112,30.08,1,3,1,1,32.4
181.38,3,0.0,38.75,0,0,0,7.58,1,1,0,0,0.0,0,1,1,0.0,0,0,0,147,34.04,0,3,1,1,0.0
765.6,4,611.52,51.55,2,0,0,34.34,0,1,0,0,154.08,3,1,1,0.0,0,0,1,711,48.29,0,3,1,1,29.47
0.0,0,0.0,30.22,0,0,0,5.62,0,0,0,0,12158.5,0,0,1,0.0,1,0,1,21,566.47,0,3,1,1,0.0
33064.3,4,115.31,68.31,2,0,0,63.49,1,1,1,0,32949.0,3,1,1,3995.26,1,1,0,440,3569.12,0,3,1,1,29.8
0.0,3,0.0,46.14,0,0,0,33.4,0,1,0,0,0.0,0,1,1,0.0,1,0,0,41,626.17,0,3,1,1,0.0
4900.0,8,400.0,57.13,1,0,0,30.41,1,1,0,0,4500.0,3,1,1,0.0,1,1,0,505,416.08,0,3,1,1,36.25
2335.3,3,2280.2,56.42,1,1,1,33.92,1,1,0,1,55.1,3,1,1,1310.9,1,1,0,1060,418.53,0,3,1,1,11.79
0.0,0,0.0,36.24,2,0,0,0.0,0,0,0,0,0.0,3,0,0,0.0,0,0,0,538,3.9,0,3,1,0,23.09
83.1,6,55.9,70.54,2,0,1,66.29,1,1,1,0,27.2,3,1,1,2368.47,1,0,1,1002,5.36,1,3,1,1,25.91
685.33,5,511.64,73.3,2,0,0,73.06,1,1,0,1,173.69,3,1,1,16472.6,1,1,1,842,88.97,0,3,1,1,19.05
13721.0,4,5228.0,65.11,3,0,0,54.45,1,1,0,0,8493.0,3,1,1,182391.0,1,0,1,625,172.85,0,3,1,1,24.39
54.45,3,47.34,45.31,2,0,0,22.77,1,1,0,0,7.11,3,1,1,1.42,0,0,1,825,3.51,0,3,1,1,15.78
115000.0,3,7000.0,60.99,3,0,0,46.09,1,1,0,0,108000.0,3,1,1,650000.0,1,0,0,531,692.79,0,3,1,1,36.47
0.0,0,0.0,38.6,2,0,0,15.61,0,1,0,0,0.0,3,0,0,0.0,0,0,0,803,49.57,1,3,1,1,26.4
16183.6,4,948.28,62.85,2,0,0,63.7,1,1,0,0,15235.3,3,1,0,6396.76,0,1,1,667,308.59,1,3,1,1,20.45
0.0,0,0.0,37.84,1,0,0,2.42,1,1,0,0,0.0,3,0,1,0.0,0,0,0,428,12.84,0,3,1,1,23.94
89.34,5,74.38,48.49,1,0,1,29.3,1,1,0,0,15.05,3,1,1,540.14,0,1,0,769,7.17,0,3,1,1,18.08
85.69,0,72.69,61.35,2,0,1,38.18,1,1,0,0,13.0,3,0,1,3.95,0,0,0,606,10.25,0,3,1,1,18.75
4.37,2,3.1,39.9,3,0,0,10.69,1,1,0,0,1.27,0,1,1,12.09,0,0,0,165,0.67,0,3,1,1,22.75
15773.1,4,1068.43,64.19,3,0,0,57.99,1,1,0,0,14704.7,3,1,1,28257.7,1,1,0,304,1808.22,0,3,1,1,29.37
0.0,0,0.0,35.3,2,0,0,0.76,1,0,0,0,0.0,3,0,0,0.0,0,0,0,732,6.26,0,2,1,1,18.34
46.57,5,33.85,56.8,0,0,0,32.65,0,1,0,0,12.72,0,1,1,10.58,1,1,1,63,5.01,0,3,0,1,0.0
103.27,4,96.22,38.8,2,0,0,15.55,1,1,0,0,7.05,0,1,1,4.79,0,0,0,116,12.46,0,3,1,1,14.39
3840.13,8,2715.33,72.88,3,1,1,74.87,1,1,0,0,1124.8,3,1,1,349282.0,1,1,0,604,33.95,1,3,1,1,29.95
323.82,6,263.89,55.92,0,0,0,38.6,1,1,0,0,59.93,3,1,1,0.0,1,0,0,747,44.76,1,3,1,1,25.64
0.0,0,0.0,34.43,0,0,0,1.75,0,1,0,0,0.0,0,0,1,0.0,0,0,0,89,42.16,0,3,1,1,0.0
29.79,0,23.06,40.4,2,0,0,12.93,0,1,0,0,6.73,3,0,1,14.33,0,1,0,587,4.57,0,3,1,1,18.18
0.0,3,0.0,74.83,4,1,1,79.86,1,1,0,0,4229.89,3,1,1,600.54,1,1,0,384,466.81,0,3,1,1,31.94
362.52,3,335.21,56.22,3,1,1,36.73,1,1,0,0,27.32,0,1,1,7830.98,1,1,1,194,17.38,1,3,0,1,15.18
0.0,0,0.0,38.75,3,0,0,2.42,1,1,0,0,0.0,3,0,1,0.0,0,0,1,211,21.3,0,3,1,1,34.88
2080.0,5,0.0,57.68,3,1,0,33.31,1,1,1,0,920.0,3,1,1,1160.0,1,1,1,516,42.77,1,3,1,1,40.81
863.0,5,528.0,68.24,2,1,1,59.92,1,1,0,0,335.0,3,1,1,16694.0,1,1,1,1001,59.36,1,3,1,1,21.51
4345.96,4,3087.82,80.26,4,1,1,80.31,1,1,0,0,1258.15,3,1,1,254440.0,1,1,1,605,38.34,1,3,1,1,30.89
0.0,0,0.0,43.3,2,0,0,28.42,0,1,0,0,0.0,3,0,1,1.47,0,0,0,623,19.04,0,3,1,1,12.64
4.31,0,3.78,44.54,0,0,0,26.79,1,1,0,0,0.53,0,0,0,7.03,0,0,0,121,0.94,0,3,1,1,0.0
106.57,4,58.49,64.14,2,1,0,47.21,1,1,0,0,48.08,3,1,1,1474.6,1,0,1,1143,4.53,0,3,1,1,22.08
45.83,0,43.11,40.3,2,0,0,13.47,0,1,1,0,2.72,3,0,1,0.0,0,1,1,636,4.9,0,3,1,1,19.18
151.0,3,141.58,51.08,3,0,1,40.68,1,1,0,1,9.42,3,1,1,29.3,0,1,1,708,2.83,0,3,1,1,26.16
2244.0,4,1231.0,57.2,0,1,0,51.37,1,1,0,0,1031.0,0,1,1,0.0,1,1,0,90,166.96,0,3,1,1,0.0
2093.75,5,652.28,65.2,0,1,0,65.12,1,1,0,0,1441.47,0,1,1,3578.81,1,0,0,163,362.66,1,3,1,1,16.43
0.0,3,0.0,32.77,0,0,0,0.0,0,0,0,0,0.0,0,1,0,0.0,0,0,0,127,8.45,0,1,1,0,0.0
2692.61,4,191.6,67.8,2,1,0,51.98,1,1,1,0,2501.01,3,1,1,0.1,1,0,0,603,288.91,0,3,1,1,23.8
200.41,0,130.72,55.42,2,1,1,51.53,1,1,0,0,69.69,0,0,1,5894.66,0,0,0,136,36.21,1,3,1,1,14.51
25.18,5,16.58,56.34,1,0,1,34.49,1,1,0,0,8.6,3,1,1,205.87,0,1,1,752,1.19,0,3,1,1,16.17
12.74,6,6.89,62.8,2,0,0,58.56,1,1,0,0,5.85,3,1,1,192.38,0,0,0,805,2.35,1,3,1,1,9.36
0.0,0,0.0,42.86,2,0,0,18.42,0,1,0,0,0.0,0,0,1,0.0,0,0,0,890,34.1,0,1,1,1,28.24
27.52,0,11.39,50.72,2,0,0,35.73,1,1,1,0,16.13,3,0,1,49.72,0,0,1,690,2.54,1,3,1,1,13.48
358.74,0,211.51,68.62,3,1,0,79.61,1,1,0,0,147.22,3,0,1,5762.4,1,0,1,705,45.66,1,3,1,1,27.21
342.62,4,304.61,69.53,2,1,1,60.68,1,1,1,0,38.01,3,1,1,9320.47,1,1,1,842,13.1,1,3,1,1,11.94
1946.0,5,1393.0,54.19,2,0,1,35.31,1,1,0,1,553.0,3,1,1,2665.0,0,0,1,1272,17.24,1,3,1,1,12.54
2248.31,8,860.58,53.56,3,0,0,39.11,1,1,0,0,1387.73,3,1,1,16135.7,1,1,1,382,67.75,0,3,1,1,29.31
1469.04,6,500.53,57.31,3,0,0,37.84,1,1,0,0,968.52,3,1,1,0.0,0,0,0,716,128.54,1,3,1,1,27.86
254.2,5,203.6,70.25,2,1,1,63.24,1,1,1,0,50.6,3,1,1,44720.0,1,1,1,897,5.09,1,3,0,1,10.77
72.74,3,61.9,55.68,2,0,1,44.58,0,1,0,0,10.84,3,1,0,674.33,0,0,1,945,1.31,1,3,1,1,22.37
0.0,0,0.0,44.89,2,0,0,24.61,0,1,0,0,0.0,3,0,0,0.0,0,0,1,243,54.37,0,1,1,1,35.45
1100.52,5,750.83,61.47,1,0,0,57.75,1,1,0,0,349.69,0,1,1,0.0,0,0,0,83,232.99,1,3,1,1,29.33
919.7,3,828.79,69.63,2,0,1,63.0,1,1,0,0,90.91,3,1,1,706.39,1,1,1,910,21.19,1,3,0,1,14.77
0.0,0,0.0,16.53,0,0,0,0.0,0,0,0,0,0.0,0,0,0,0.0,0,0,0,4,26.38,0,1,1,0,0.0
541.18,0,437.22,56.35,2,0,0,44.91,0,1,0,0,103.96,3,0,1,379.84,0,0,0,872,36.82,1,3,1,1,19.6
3457.7,3,815.91,52.9,2,0,0,36.79,1,1,0,0,2641.79,0,1,1,3845.0,1,0,0,140,596.76,0,3,1,1,28.55
0.0,0,0.0,32.82,0,0,0,0.0,0,0,0,0,0.0,0,0,0,0.0,0,0,0,100,7.72,0,2,1,0,0.0
5673.0,4,3700.0,77.62,3,0,1,66.75,1,1,0,0,1973.0,3,1,1,29866.0,1,0,1,1128,89.51,1,3,1,1,17.26
52.91,3,48.34,45.39,2,0,0,21.96,1,1,0,0,4.57,3,1,0,19.06,0,0,0,838,10.05,0,3,1,1,16.34
12400.0,5,3700.0,51.42,3,0,0,25.61,1,1,0,0,8700.0,3,1,1,0.0,1,0,1,733,701.42,1,3,1,1,23.82
53.2,6,48.92,54.73,1,0,0,40.68,0,1,0,0,4.27,3,1,1,19.06,0,0,1,867,5.92,0,3,1,1,15.15
4.23,4,2.46,46.69,2,1,1,27.09,1,1,0,0,1.77,3,1,1,19.25,0,0,1,1185,0.48,0,3,1,1,16.2
0.0,0,0.0,41.99,2,1,0,20.21,1,1,0,0,10.47,3,0,0,22.88,0,0,0,846,6.02,0,3,1,1,19.24
1907.52,0,16.75,50.76,1,0,0,24.46,1,1,0,0,1890.78,3,0,0,1577.23,0,0,0,560,187.12,0,3,1,0,14.32
439.46,3,233.22,50.39,2,1,0,40.32,1,1,0,0,206.24,3,1,1,0.0,0,0,0,806,50.08,1,2,1,1,30.92
1778.4,0,1730.85,55.33,1,0,0,49.11,1,1,0,0,47.55,0,0,1,51.85,0,0,0,143,83.16,1,3,1,1,10.89
70.63,5,52.99,60.24,0,1,1,34.58,1,1,1,0,17.65,0,1,1,240.7,0,1,0,4,24.92,0,3,1,1,0.0
0.0,5,0.0,34.47,2,0,0,2.42,1,1,0,0,0.0,0,1,0,0.0,1,0,0,173,2.09,0,3,1,1,24.14
45.52,0,21.31,57.11,1,1,0,38.66,1,1,0,0,24.22,0,0,1,14800.4,0,1,0,261,2.93,1,3,1,1,7.47
1005.41,5,641.49,70.78,4,1,1,71.1,1,1,0,0,363.92,3,1,1,20431.3,1,1,1,1019,13.25,1,3,1,1,25.08
730.17,3,660.6,55.13,3,0,1,35.73,1,1,1,1,69.57,3,1,1,36.17,1,1,1,1050,4.82,0,3,1,1,29.02
43.35,4,39.13,47.57,4,0,0,22.23,1,1,0,0,4.21,0,1,1,23.89,1,1,1,52,6.95,0,3,1,1,23.42
1053.04,6,588.0,65.06,2,0,1,56.24,1,1,0,0,465.04,3,1,1,6848.01,1,0,0,879,88.39,1,2,1,1,26.84
454.83,0,165.08,55.65,2,1,1,42.59,1,1,0,0,289.76,3,0,1,8455.04,1,0,1,681,44.95,1,3,1,1,21.19
47.98,6,37.18,51.68,1,1,1,32.23,1,1,0,1,10.81,3,1,0,71.28,0,0,0,798,7.34,0,3,1,1,23.15
3800.0,4,2000.0,72.34,2,1,0,64.78,1,1,0,0,1800.0,3,1,1,13002.0,1,0,0,886,212.26,1,3,1,1,22.05
18700.0,4,3100.0,76.33,2,0,0,59.56,1,0,0,0,15600.0,3,1,1,0.0,1,0,0,598,1283.27,0,3,1,1,18.55
0.0,0,0.0,21.14,2,0,0,5.83,1,1,0,0,0.0,3,0,1,0.0,0,0,0,434,0.36,0,3,1,1,0.0
0.0,0,0.0,43.15,0,0,1,18.21,1,1,0,0,0.0,3,0,1,0.0,0,0,0,746,36.97,1,3,1,1,16.91
393.28,0,347.42,46.73,2,0,0,26.94,1,1,0,1,45.87,0,0,1,503.26,0,0,0,188,24.4,0,3,1,1,12.63
1290.03,5,697.57,52.66,3,0,0,32.44,1,1,0,0,592.46,3,1,1,25026.5,1,0,1,570,73.46,1,3,1,1,35.3
5749.76,6,3304.23,52.9,3,0,0,38.66,1,1,0,0,2445.53,3,1,1,2175.35,0,0,0,778,47.73,1,3,1,1,21.39
377.71,4,314.11,53.96,2,0,0,40.14,1,1,0,0,63.6,3,1,1,102.02,0,0,0,332,21.19,0,3,1,1,29.66
0.0,4,0.0,43.61,2,1,0,16.46,0,1,0,0,0.0,3,1,1,0.0,0,0,0,871,32.54,0,3,0,1,19.04
124.77,0,87.17,60.64,1,0,1,50.23,1,1,1,0,37.6,3,0,1,2871.38,0,1,0,1015,13.29,1,3,1,1,13.66
428.11,5,340.82,59.81,2,0,1,43.7,1,1,0,0,87.29,3,1,1,0.0,1,1,1,474,23.17,0,3,1,1,12.51
48.55,5,45.95,49.42,1,0,0,33.92,0,0,0,0,2.6,3,1,1,45.51,0,0,1,292,4.79,0,3,1,1,11.5
0.0,0,0.0,32.69,2,0,0,0.33,0,0,0,0,0.0,3,0,0,0.0,0,0,0,518,2.58,0,1,1,0,23.06
2.52,0,0.71,35.49,0,0,0,13.08,0,1,1,0,1.8,3,0,1,0.0,0,1,0,285,1.92,0,3,1,1,0.0
8.48,0,6.73,52.08,2,0,0,36.94,1,1,0,0,1.75,3,0,1,13.69,0,0,0,648,0.43,0,3,1,1,16.91
56.56,0,36.3,42.29,2,0,0,13.47,0,1,0,0,20.26,0,0,1,0.0,0,0,0,118,3.5,0,3,1,1,12.53
0.0,5,0.0,47.02,2,0,0,31.59,0,0,0,0,0.0,3,1,1,0.0,0,1,0,812,29.79,0,3,1,1,12.87
918.84,6,626.08,59.34,3,0,1,47.21,1,1,0,0,292.76,3,1,1,32158.3,1,0,0,218,14.97,0,3,1,1,28.36
0.0,0,0.0,32.85,2,0,0,0.82,0,1,0,0,0.0,3,0,1,0.0,1,0,0,450,7.06,1,3,1,1,16.48
2109.0,4,1624.0,55.18,3,0,1,41.44,0,1,0,0,485.0,3,1,1,0.0,1,0,1,1148,20.23,0,3,1,1,11.49
6.5,4,6.28,55.38,2,0,0,50.44,1,1,0,0,0.21,3,1,1,0.87,0,0,0,288,1.08,0,3,0,1,23.09
2084.29,0,1860.12,53.17,2,1,0,40.98,1,0,0,0,224.17,3,0,1,2741.92,1,0,1,580,114.52,1,3,1,1,24.01
0.0,0,0.0,41.17,1,0,0,8.37,1,1,0,1,0.0,3,0,1,0.0,1,0,0,546,7.1,0,3,1,1,26.16
0.0,0,0.0,40.91,2,0,0,16.46,0,1,0,0,0.0,0,0,1,0.0,0,0,0,184,22.12,1,3,1,1,16.81
0.0,0,0.0,31.26,0,0,0,14.38,0,0,0,0,0.0,0,0,0,0.0,0,0,0,17,5.94,0,3,1,0,0.0
27.56,0,14.24,56.97,2,1,0,39.47,0,1,0,0,13.31,0,0,1,36.8,0,0,1,229,1.7,0,3,1,1,9.95
44800.0,7,8000.0,68.03,3,0,0,65.99,1,1,0,0,36800.0,3,1,1,0.0,1,0,1,0,584.88,0,3,1,1,28.7
0.0,0,0.0,32.05,2,0,0,0.33,0,0,0,0,0.0,3,0,0,0.0,0,0,0,397,4.25,0,3,1,0,29.52
5125.48,0,4152.76,66.67,3,1,1,61.88,1,1,0,0,972.72,3,0,1,6145.81,1,0,1,586,306.71,1,3,1,1,21.89
101.07,6,81.81,43.97,2,0,0,20.54,1,1,0,0,19.26,3,1,0,19.3,0,1,1,1049,6.6,0,3,1,1,19.45
180.0,5,114.0,52.35,1,0,0,31.77,0,1,0,0,66.0,3,1,1,0.0,0,0,0,808,27.72,0,3,1,1,25.93
0.0,3,0.0,38.67,1,0,0,17.64,0,1,1,0,0.0,0,1,1,0.0,1,0,0,160,76.7,0,3,1,1,35.7
55.76,5,52.54,53.07,4,1,0,38.42,1,1,0,0,3.22,3,1,1,366.14,0,1,1,1310,3.38,0,3,1,1,16.98
112.02,0,80.17,65.03,2,1,1,60.65,1,1,0,0,31.85,3,0,1,2632.63,1,0,0,792,22.36,1,3,1,1,26.53
571.13,4,473.73,46.65,3,1,0,38.48,1,1,0,0,97.4,3,1,1,53195.2,1,1,1,850,39.17,1,3,1,1,24.79
265.04,0,160.91,52.33,3,0,0,33.71,1,1,0,0,104.13,3,0,1,114428.0,0,1,1,649,1.36,0,3,1,1,15.17
2727.48,4,0.0,49.54,0,0,0,33.13,1,1,0,0,0.0,0,1,1,0.0,1,0,0,85,3276.09,0,3,1,1,0.0
1130.8,6,392.4,76.09,3,0,1,68.53,1,1,1,0,738.4,3,1,1,7103.45,1,1,1,1232,27.81,1,3,1,1,21.84
2747.0,0,2718.0,49.38,4,1,1,36.67,1,1,0,0,29.0,3,0,1,4029.0,1,1,1,948,31.31,0,3,1,1,32.54
85.6,3,68.48,56.58,2,0,0,40.08,1,1,0,1,17.12,3,1,1,331.73,0,1,1,797,1.06,0,3,1,1,14.95
0.0,3,0.0,66.18,2,0,1,64.12,1,1,0,0,0.0,3,1,1,0.0,0,1,0,879,299.78,0,1,1,1,17.44
4220.54,4,4102.44,64.86,3,1,1,70.58,1,1,1,0,118.1,3,1,1,228.19,1,1,1,2003,34.95,1,3,1,1,15.24
2626.95,3,985.92,44.37,2,0,0,25.82,0,1,1,0,1641.03,3,1,1,0.0,1,0,0,478,315.6,0,3,1,1,14.05
0.0,0,0.0,31.6,1,0,0,0.0,0,0,0,0,0.0,3,0,0,0.0,0,0,1,529,2.39,0,3,1,0,28.5
1002.45,0,604.42,65.96,2,1,0,51.37,1,1,0,0,398.03,3,0,1,4257.38,0,0,0,508,114.63,1,3,1,1,21.47
1613.49,5,760.95,61.37,3,1,0,52.91,1,1,1,0,852.55,3,1,1,23084.1,1,1,1,793,68.03,1,3,1,1,23.78
7.83,8,7.14,54.09,2,1,0,36.24,1,1,0,0,0.68,3,1,0,115.94,0,1,1,962,0.24,0,3,1,1,10.59
203.4,5,178.0,50.54,3,1,1,30.26,1,1,1,1,25.4,3,1,0,1286.24,0,1,0,956,3.93,0,3,1,1,22.38
4919.99,6,1482.15,72.65,2,0,0,65.06,1,1,0,0,3437.84,3,1,1,8954.15,1,0,0,699,766.84,0,3,1,1,36.87
74.39,3,60.01,63.47,3,1,0,51.98,1,1,0,0,14.38,3,1,1,1898.0,0,0,0,801,9.64,1,3,1,1,13.75
0.0,5,0.0,37.71,0,0,0,0.76,0,0,0,0,0.0,0,1,0,0.0,0,0,0,109,214.52,0,3,1,1,0.0
20.49,4,20.49,59.32,2,1,0,49.05,1,1,0,1,0.0,3,1,1,55.42,0,1,1,700,0.0,0,3,1,1,11.93
25.7,0,20.91,48.71,2,0,0,28.12,1,1,0,0,4.79,3,0,1,0.0,1,1,0,0,3.04,0,3,1,1,12.98
175.26,0,110.75,57.33,0,0,0,47.45,1,1,0,0,64.51,0,0,1,1.92,0,0,1,11,26.28,1,3,1,1,0.0
0.0,0,0.0,39.16,2,0,0,15.13,0,0,0,0,0.0,0,0,0,0.0,0,0,1,86,36.56,0,3,1,1,20.36
96.2,0,91.52,48.92,1,1,0,38.81,0,1,0,0,4.68,3,0,1,61.72,0,0,0,679,11.87,0,3,1,1,15.51
59.47,0,28.58,36.97,2,1,0,11.69,0,0,0,0,30.88,3,0,0,1067.78,1,1,0,807,4.17,0,3,1,0,16.25
372.12,3,0.0,50.11,2,0,0,25.49,0,1,0,0,0.0,3,1,1,0.0,0,1,0,621,33.3,1,3,1,1,14.35
3230.52,3,1626.65,82.01,3,1,0,84.42,1,1,1,0,1603.87,3,1,1,5097.65,1,1,1,944,326.83,0,3,1,1,20.33
143.34,0,124.7,51.1,2,1,0,33.59,0,1,0,0,18.64,3,0,1,2505.22,1,1,0,382,18.53,1,3,1,1,11.24
43326.1,0,14.54,64.51,2,0,0,64.84,1,1,0,0,43310.6,3,0,1,2172.16,1,1,0,899,2969.73,0,3,1,1,27.53
317.4,3,270.01,61.01,3,1,1,55.12,1,1,0,0,47.4,3,1,1,17800.0,1,0,1,1180,7.79,1,3,1,1,16.95
232.9,0,186.38,54.67,2,0,1,43.19,1,1,0,0,46.52,0,0,1,7.23,0,0,0,138,20.93,1,2,1,1,15.75
3979.93,6,193.1,62.8,2,1,0,46.96,0,1,0,0,3786.84,3,1,0,2217.92,0,0,0,744,348.44,0,3,1,1,22.73
27.98,5,26.37,52.43,2,0,1,24.71,1,0,0,0,1.61,3,1,1,5.96,1,0,0,814,5.22,0,3,1,1,24.39
423.67,5,313.93,62.49,2,0,0,51.1,1,1,0,0,109.74,3,1,1,1110.94,1,1,1,206,24.27,0,3,1,1,27.4
0.0,4,0.0,46.36,0,0,0,18.03,1,1,0,0,0.0,0,1,1,0.0,1,0,0,55,2241.18,0,3,1,1,0.0
0.0,0,0.0,42.66,2,0,0,2.42,0,1,0,0,0.0,0,0,1,0.0,0,0,0,131,81.91,0,3,0,1,33.04
30009.0,4,241.46,55.64,2,1,0,45.55,1,1,0,0,29767.5,3,1,1,3.29,1,1,0,268,1595.13,1,3,1,1,31.62
10100.0,0,5400.0,55.94,2,0,0,55.87,1,1,0,0,4700.0,3,0,1,7400.0,1,1,0,632,329.24,0,3,1,1,32.28
77.51,4,74.69,65.23,2,0,1,65.78,1,1,0,0,2.82,3,1,1,414.44,0,0,1,1512,6.03,1,3,1,1,13.45
0.0,5,0.0,32.79,1,0,0,0.0,0,0,0,0,0.0,3,1,0,0.0,0,0,0,577,4.19,0,1,1,0,20.75
0.0,0,0.0,39.92,0,1,0,15.95,1,1,0,0,0.0,0,0,0,0.0,0,1,0,74,945.42,1,3,1,1,0.0
23123.2,3,4614.45,64.57,2,1,0,57.87,1,1,0,0,18508.8,3,1,1,135000.0,1,1,1,418,1292.24,0,3,1,1,43.23
0.0,3,0.0,46.71,0,0,0,19.63,1,1,0,0,0.0,0,1,1,0.0,0,0,0,79,41.58,0,3,1,1,0.0
0.0,0,0.0,32.26,1,0,0,1.24,1,1,0,0,0.0,0,0,0,0.0,0,0,0,111,4.46,0,3,1,1,28.56
0.0,5,0.0,39.94,2,0,0,17.64,0,1,0,0,0.0,0,1,1,0.0,1,0,0,60,1033.38,0,3,1,1,40.43
44.96,0,37.35,46.75,1,0,1,25.37,0,1,1,0,7.61,3,0,0,28.77,0,1,0,713,5.08,1,3,1,1,18.18
5900.0,0,2500.0,63.78,1,0,0,57.81,1,1,0,0,3400.0,3,1,1,60400.0,1,0,0,685,621.79,0,3,1,1,23.98
577.2,0,560.68,53.63,2,0,1,44.13,1,1,0,0,16.52,3,0,1,1543.54,1,0,1,953,16.76,0,3,1,1,13.92
0.0,3,0.0,33.88,1,0,0,0.76,0,0,0,0,0.0,3,1,0,0.0,0,0,0,591,37.16,0,1,1,1,13.03
143.58,0,75.78,67.8,3,0,0,58.2,1,1,0,0,67.8,2,0,1,150.94,0,0,0,96,19.17,1,3,1,1,0.0
209.0,4,75.2,43.44,1,0,0,28.06,0,0,0,0,133.8,3,1,0,0.0,0,0,0,707,17.56,0,3,1,0,21.61
5060.95,4,453.33,54.22,2,0,0,34.73,1,1,0,0,4607.62,0,1,1,0.0,1,0,0,74,1071.84,0,3,1,1,32.49
0.0,0,0.0,41.91,0,0,0,18.76,1,0,0,0,0.0,0,0,0,0.0,0,0,0,95,4.27,0,3,1,0,0.0
3770.19,0,1304.69,81.39,1,1,1,84.93,1,1,0,0,2465.5,3,0,1,3436.95,1,0,0,834,539.18,0,3,1,1,15.34
256.54,0,143.09,45.2,3,1,0,31.86,0,1,0,0,113.45,3,0,1,58317.2,0,0,0,644,12.64,0,3,1,1,27.77
2830.0,0,1080.0,66.64,1,0,0,71.01,1,1,0,0,1750.0,3,0,1,1040.0,1,0,0,533,458.54,1,3,1,1,16.66
0.0,0,0.0,46.78,2,0,0,23.17,1,1,1,0,0.0,3,0,1,0.0,0,0,0,580,57.76,0,3,1,1,29.2
0.0,0,0.0,40.8,0,0,0,15.61,0,1,0,0,0.0,0,0,0,0.0,0,0,0,113,4.65,1,1,1,1,0.0
25.1,4,22.08,51.64,2,1,1,35.64,1,1,0,0,3.03,3,1,1,13.52,0,1,1,1130,2.95,0,3,1,1,15.99
0.0,3,0.0,39.05,0,0,0,15.95,0,1,0,0,0.0,0,1,0,0.0,0,0,0,76,334.99,0,1,1,1,0.0
0.0,0,0.0,36.31,2,0,0,2.27,1,0,0,0,0.0,0,0,1,0.0,0,0,0,64,13.67,0,3,1,1,12.3
5272.32,4,1719.61,63.19,3,0,1,51.19,1,1,0,0,3552.71,3,1,1,54628.8,1,1,1,1178,80.28,1,3,1,1,15.94
0.0,4,0.0,39.91,2,0,0,18.51,0,1,0,0,0.0,0,1,1,0.0,0,0,0,77,39.93,1,3,1,1,17.41
1350.0,4,660.0,61.31,3,1,0,60.83,1,1,0,1,690.0,3,1,1,3818.22,1,1,1,976,16.98,1,3,1,1,25.34
5137.37,4,1237.88,67.43,5,0,0,73.97,1,1,0,0,3899.49,3,1,1,42953.6,1,0,1,182,317.64,0,3,1,1,35.26
706.53,5,383.89,74.04,3,1,1,70.07,1,1,0,1,322.63,3,1,1,3859.63,1,1,0,269,25.13,1,3,1,1,23.79
30050.0,10,4560.0,57.22,3,0,0,40.77,1,1,0,0,25490.0,3,1,1,313000.0,1,0,1,588,367.63,0,3,1,1,29.35
0.0,0,0.0,36.69,0,0,0,3.59,1,1,0,0,0.0,0,0,1,0.0,1,0,0,0,534.27,0,3,0,1,0.0
170.57,0,146.81,57.72,3,0,1,36.21,1,1,0,1,23.77,3,0,1,47.58,0,0,1,924,9.66,0,3,0,1,22.34
106.51,0,74.1,58.64,2,0,1,53.73,0,1,0,0,32.42,0,0,1,0.0,1,0,0,115,15.42,0,3,1,1,11.1
726.73,0,346.64,46.17,2,0,0,27.27,1,1,0,0,380.09,0,0,1,0.0,0,0,0,61,144.99,1,3,1,1,42.65
760.0,5,450.0,61.34,1,0,1,58.53,1,1,0,0,310.0,3,1,1,0.0,0,0,0,780,58.87,1,3,1,1,24.33
25673.4,4,583.25,61.3,2,0,0,60.86,1,1,0,0,25090.1,3,1,1,12269.5,1,1,0,276,5424.03,0,3,1,1,33.84
35.26,6,30.86,49.95,1,0,0,34.73,1,1,0,0,4.4,3,1,1,13.46,0,1,0,654,2.29,0,3,1,1,17.22
4784.62,5,2566.62,61.75,3,0,1,61.4,1,1,0,0,2218.0,3,1,1,247240.0,1,0,0,1254,71.7,1,3,1,1,26.61
0.0,3,0.0,38.66,1,0,0,1.9,1,1,0,0,0.0,3,1,0,0.0,0,0,0,790,4.7,0,3,1,1,20.87
56.78,3,43.82,58.28,1,0,0,38.75,1,1,0,1,12.95,3,1,1,294.66,0,1,1,948,0.8,0,3,1,1,16.21
10376.8,0,752.24,69.28,2,0,0,69.65,1,1,0,0,9624.55,3,0,1,12235.8,1,1,0,546,974.38,0,3,1,1,28.46
0.0,4,0.0,39.26,2,0,0,14.71,0,0,0,0,0.0,3,1,0,0.0,0,0,0,613,3.36,0,1,1,0,20.87
104.14,3,70.37,58.01,3,1,1,40.83,1,1,0,0,33.78,0,1,1,2600.74,0,1,1,265,8.6,1,3,1,1,15.58
0.0,4,0.0,66.94,4,1,0,69.8,1,1,0,0,112.48,3,1,1,934.99,0,1,1,966,0.0,0,3,1,1,16.59
0.0,4,0.0,38.76,2,1,0,1.9,0,1,0,0,0.0,3,1,0,0.0,0,0,0,498,62.96,0,3,1,1,35.02
0.0,5,0.0,43.57,3,0,1,16.46,0,1,0,0,0.0,3,1,1,0.0,0,0,0,1009,37.68,1,1,1,1,20.9
83.93,0,69.41,53.52,2,0,0,34.04,0,1,0,0,14.53,0,0,1,0.0,1,0,0,91,6.42,1,3,1,1,25.29
0.0,4,0.0,39.03,0,0,0,15.95,0,1,0,0,0.0,0,1,0,0.0,0,0,0,6,73.91,0,3,1,1,0.0
116.72,0,100.47,56.91,2,1,1,56.68,1,1,0,0,16.25,0,0,1,1538.08,0,1,0,250,14.87,1,3,1,1,13.18
0.0,0,0.0,39.85,2,0,0,15.19,1,1,0,0,0.0,3,0,0,0.0,0,0,0,590,3.46,0,3,1,0,23.99
1538.61,6,1002.04,46.64,3,0,0,36.21,1,1,0,0,536.57,3,1,1,11183.3,0,0,0,333,26.46,0,3,1,1,34.98
91.4,5,33.2,59.6,2,0,1,54.49,1,1,0,0,58.2,3,1,1,768.7,1,0,1,934,9.62,0,3,1,1,18.15
79.88,5,75.61,57.92,2,1,0,47.21,1,1,1,0,4.27,3,1,1,2.44,1,0,0,868,13.34,0,3,1,1,15.6
0.0,0,0.0,35.21,0,0,0,2.42,1,1,0,0,0.0,0,0,1,0.0,0,1,0,183,3.1,0,3,1,1,22.48
0.0,0,0.0,34.62,0,0,0,1.57,0,1,0,0,0.0,0,0,0,0.0,0,0,0,181,23.4,0,3,1,1,18.47
13452.1,5,237.15,58.07,3,1,0,31.32,1,1,0,0,13215.0,3,1,0,3192.69,0,0,0,803,1445.28,0,3,1,1,21.33
0.0,0,0.0,47.69,0,0,0,26.91,1,1,0,0,0.0,0,1,0,0.0,0,0,1,46,15.27,0,3,1,1,0.0
0.0,0,0.0,30.68,0,0,0,0.0,0,0,0,0,0.0,0,0,0,0.0,0,0,0,42,17.14,0,3,1,0,26.76
108.1,4,87.56,45.4,2,0,0,33.98,0,1,0,0,20.54,3,1,1,0.0,1,1,0,986,18.65,0,3,1,1,19.68
0.0,0,0.0,39.54,0,0,0,16.46,1,1,1,0,0.0,3,0,1,0.0,0,0,1,932,9.65,0,3,1,1,22.9
265.69,0,242.51,42.19,2,0,0,25.37,1,1,0,0,23.17,3,0,0,59.66,0,0,1,608,16.77,0,3,1,1,15.93
0.0,0,0.0,42.31,1,0,0,23.23,0,1,0,0,0.0,3,0,1,0.0,0,0,0,284,129.61,1,3,1,1,41.44
764.74,5,82.9,45.98,2,0,0,31.11,1,1,0,0,681.84,0,1,1,10250.8,0,0,0,185,91.44,0,3,1,1,16.09
18.69,0,17.07,56.53,1,1,0,34.88,1,0,1,0,1.62,3,1,0,218.93,1,1,0,1237,1.88,0,3,1,1,14.31
297.0,3,291.0,48.18,2,1,1,31.35,1,1,0,0,6.0,3,1,1,1073.2,0,0,1,1254,12.93,0,3,1,1,13.18
338.89,0,201.67,42.98,0,0,0,28.75,1,1,0,0,137.21,0,0,1,0.0,0,1,0,66,54.2,0,3,1,1,0.0
11.72,5,11.11,47.21,0,0,0,21.59,0,1,0,0,0.61,0,1,0,0.0,0,0,0,83,2.29,0,3,1,1,22.17
0.0,0,0.0,25.43,3,0,0,0.0,0,0,0,0,0.0,0,0,0,0.0,0,0,0,28,128.87,0,2,1,0,51.46
0.0,0,0.0,32.07,0,0,0,0.0,0,0,0,0,0.0,0,0,0,0.0,0,0,0,124,40.16,0,1,1,0,0.0
6883.29,6,150.54,74.4,3,0,1,68.74,1,1,0,0,6372.25,3,1,1,66129.6,1,1,1,680,657.28,0,3,1,1,24.72
627.27,4,282.74,57.9,2,0,1,55.15,1,1,0,0,344.53,3,1,1,5.22,0,0,0,793,36.68,1,3,1,1,28.63
0.0,0,0.0,29.42,0,0,0,0.42,0,0,0,0,0.0,0,0,0,0.0,0,0,0,59,9.7,0,1,1,1,0.0
0.0,0,0.0,32.29,0,0,0,1.57,0,1,0,0,0.0,0,0,0,0.0,0,0,0,59,8.98,0,1,1,1,0.0
75316.6,6,204.6,60.9,2,0,1,54.42,1,1,1,0,7.0,3,1,1,36614.7,1,1,0,307,4211.12,0,3,1,1,33.09
12630.3,0,38.33,62.9,2,0,0,53.94,1,1,0,0,12592.0,3,0,0,119.8,0,1,1,400,1222.08,0,3,1,1,32.39
0.0,0,0.0,37.79,0,0,0,14.86,0,1,0,0,0.0,0,0,0,0.0,0,0,0,97,44.67,1,3,1,0,0.0
197.96,0,111.84,51.76,0,0,0,39.47,1,1,0,0,86.12,0,0,1,288.19,1,0,0,182,39.33,1,3,1,1,0.0
421.99,4,322.43,56.59,1,0,0,46.54,0,1,0,0,99.56,3,1,1,9791.58,0,1,0,664,24.73,1,3,1,1,25.75
1103.96,6,794.39,52.14,3,1,1,38.48,1,1,0,0,309.57,3,1,1,12287.7,1,1,0,909,53.04,1,3,1,1,24.83
74.47,0,67.05,58.78,2,0,0,57.05,1,1,1,0,7.42,3,0,1,37.49,0,0,0,854,6.24,0,3,1,1,22.27
4367.72,0,2615.51,60.19,1,0,0,70.82,1,1,0,0,1752.21,3,0,1,0.0,0,0,0,688,412.83,0,3,1,1,32.21
0.0,0,0.0,31.26,0,0,0,0.0,0,0,0,0,0.0,3,0,0,0.0,0,0,0,66,13.39,0,3,1,0,0.0
0.0,5,0.0,41.61,3,1,0,16.46,0,1,0,0,0.0,3,1,1,0.0,0,0,0,675,29.94,1,3,1,1,28.52
17.39,4,16.22,41.8,2,0,0,8.4,1,1,0,0,1.17,3,1,1,3.58,0,0,0,712,0.64,0,3,1,1,17.22
1163.68,6,245.66,54.85,2,0,1,46.33,0,1,0,0,918.03,3,1,1,3.59,1,0,1,606,30.13,0,3,1,1,12.06
21.46,0,20.66,46.01,1,0,0,14.32,1,1,1,0,0.8,3,0,1,2.38,0,1,0,841,3.51,0,3,1,1,17.05
10200.0,4,2500.0,49.32,2,0,0,43.34,1,1,0,0,7700.0,3,1,1,27100.0,1,0,0,237,1243.26,0,3,1,1,33.98
2433.23,0,1680.68,59.94,3,1,0,47.72,1,1,0,0,752.55,3,0,1,52049.0,1,1,1,1113,26.49,1,3,1,1,14.72
0.0,3,0.0,48.46,0,0,0,31.17,0,1,0,0,0.0,0,1,1,0.0,1,0,0,142,4.68,0,3,1,1,0.0
0.0,0,0.0,33.25,2,0,0,0.0,0,0,0,0,0.0,0,0,0,0.0,0,1,0,110,10.01,0,3,1,0,11.48
0.0,0,0.0,44.69,3,0,0,15.61,0,1,0,0,0.0,0,0,0,0.0,0,0,0,103,39.34,0,3,1,1,35.19
1153.65,0,932.82,52.83,0,0,0,32.59,1,1,0,0,220.83,0,0,1,0.0,0,0,0,54,75.6,0,3,1,1,0.0
0.0,0,0.0,40.3,3,1,1,37.18,1,1,0,0,0.0,3,0,1,0.0,1,0,0,1128,12.87,0,3,1,1,28.54
2133.62,0,1195.11,71.19,2,0,0,66.48,1,1,0,0,938.51,3,0,1,4.63,1,0,0,1300,147.83,1,3,1,1,19.93
511.24,5,336.07,47.95,2,0,0,32.35,0,1,0,0,175.17,3,1,1,0.0,0,1,0,241,43.36,0,3,1,1,33.81
510.41,4,310.53,55.13,3,1,0,37.84,1,1,0,0,199.88,3,1,1,11034.5,0,1,1,1372,19.92,1,3,1,1,13.52
0.0,0,0.0,48.08,0,0,0,34.43,1,1,0,0,0.0,0,0,0,0.0,0,1,0,122,24.05,0,3,1,1,29.21
760.26,4,634.47,50.27,2,0,0,34.46,1,1,0,0,125.78,3,1,1,82.1,0,0,0,943,17.91,1,3,1,1,14.43
0.0,0,0.0,41.19,2,0,0,15.95,1,1,0,0,0.0,0,1,1,0.0,0,0,0,112,4.34,0,3,1,1,22.59
235.55,3,171.93,56.0,2,0,0,32.44,1,1,0,0,63.62,3,1,1,11153.6,0,1,0,922,24.57,1,3,1,1,13.76
35.41,0,21.91,53.18,1,0,0,22.8,1,0,0,1,13.5,3,0,1,5.67,0,1,0,847,1.13,0,3,1,1,20.52
381.74,5,355.71,55.9,2,0,0,29.93,1,1,0,1,26.03,3,1,1,146.68,0,1,1,832,12.87,0,3,1,1,18.16
6174.74,0,2343.54,63.08,4,1,0,56.21,0,1,0,0,3831.2,3,0,1,0.0,1,1,0,535,146.43,1,3,1,1,36.67
254.08,4,212.62,46.93,3,0,0,29.78,1,0,0,0,41.46,3,1,0,83.48,0,1,0,723,11.37,0,3,0,1,30.05
132.82,5,131.7,46.68,4,1,1,28.75,1,1,0,0,1.12,3,1,0,3106.73,0,1,0,530,9.85,0,3,1,1,29.23
1270.29,3,31.15,55.74,2,0,0,41.71,1,0,1,0,1239.14,3,1,1,60.53,1,0,0,479,245.07,0,3,1,1,34.0
141.62,0,133.89,35.93,2,0,0,4.59,0,0,0,0,7.73,3,0,0,2648.44,0,0,0,645,18.74,0,3,1,0,15.46
9157.47,5,619.79,51.63,2,1,0,36.42,1,1,0,0,8537.68,3,1,1,8.14,1,0,0,960,526.61,0,3,1,1,25.26
15681.4,6,196.07,49.12,2,0,0,36.67,1,1,0,0,15484.4,0,1,0,12318.1,0,1,0,154,1166.03,1,1,1,1,30.1
669.88,4,0.0,43.01,0,1,1,20.08,1,1,0,0,418.36,0,1,1,21006.1,1,0,0,110,40.43,1,3,1,1,0.0
396.74,6,41.4,49.78,1,0,0,47.36,1,1,0,0,355.35,3,1,1,12803.0,0,0,0,804,51.12,0,3,1,1,18.45
27000.0,7,2050.0,49.37,3,0,0,36.67,1,1,0,0,24950.0,0,1,1,0.0,1,1,0,56,1838.32,0,3,1,1,34.79
181.24,3,156.75,54.05,3,1,0,41.74,0,1,0,0,24.49,3,1,1,213.49,1,1,1,1237,1.72,1,3,1,1,17.54
141.73,5,30.68,54.72,2,1,0,47.75,1,1,1,0,111.05,0,1,1,41.49,0,1,0,86,15.46,1,3,1,1,19.29
0.0,0,0.0,33.28,3,0,0,1.24,0,1,0,0,0.0,3,0,0,0.0,0,0,1,380,57.44,0,3,1,1,32.9
22.27,4,16.93,48.77,1,0,0,17.49,1,1,1,1,5.34,0,1,1,29.43,0,0,0,160,1.71,0,3,1,1,20.03
16550.0,0,799.0,63.44,2,0,1,57.41,1,1,0,0,15751.0,3,0,1,21437.0,1,0,1,932,295.07,1,3,0,1,19.5
708.69,3,177.15,41.69,1,0,0,32.26,1,1,0,0,531.54,0,1,1,0.0,1,0,1,126,28.3,1,3,1,1,13.37
27500.0,4,4500.0,55.21,2,0,0,21.29,1,1,0,0,23000.0,3,1,1,0.0,1,1,1,680,462.79,0,3,1,1,30.05
0.0,4,0.0,40.78,0,0,0,15.8,1,0,0,0,0.0,3,1,0,0.0,0,0,0,56,14.5,1,3,1,1,0.0
4090.49,4,3753.66,57.84,3,1,1,35.03,1,1,0,1,336.83,3,1,1,15640.4,0,1,1,1111,37.49,0,3,1,1,18.48
13.45,3,7.81,49.78,2,0,0,28.06,1,1,0,0,5.64,3,1,0,0.0,0,0,1,1101,9.35,0,1,1,1,23.07
112.32,6,94.94,48.85,2,1,1,26.37,1,1,0,1,17.38,3,1,1,6836.65,1,1,1,1019,6.59,1,3,1,1,12.89
0.0,3,0.0,0.0,0,0,0,0.0,0,0,0,0,0.0,0,1,0,0.0,0,0,0,20,0.0,0,3,1,0,0.0
659.0,0,348.0,1.0,4,0,0,59.38,1,1,0,0,311.0,3,0,1,42.28,1,0,1,463,271.29,0,3,1,1,29.56
71.56,5,66.46,55.51,3,1,1,44.91,1,1,0,1,5.1,3,1,1,405.91,0,1,1,1522,3.32,0,3,1,1,16.07
94623.8,3,333.77,59.04,2,1,0,53.85,1,1,0,0,94290.0,3,1,1,3168.57,1,1,0,164,9652.77,1,3,1,1,34.82
9.97,0,9.05,50.09,1,0,0,34.94,0,1,0,0,0.92,0,0,1,1.38,0,1,0,286,2.38,0,3,1,1,24.86
1.1,0,0.35,37.39,1,0,0,7.85,1,1,0,0,0.75,3,1,1,1.29,1,0,0,502,0.64,0,3,1,1,21.95
105.22,11,73.79,57.05,1,1,0,39.02,1,1,0,0,31.82,3,1,1,21959.3,0,1,0,913,9.52,1,3,1,1,14.6
1915.0,4,1507.0,61.17,3,0,0,42.4,1,1,0,0,408.0,3,1,1,37882.0,1,1,1,654,14.81,1,3,1,1,18.29
18675.5,3,12190.9,52.9,4,1,1,35.1,1,1,0,0,6484.62,3,1,1,184474.0,0,1,0,621,88.86,1,3,1,1,24.63
1148.1,0,851.03,53.49,2,0,1,34.07,1,1,0,0,597.07,3,0,1,0.0,1,1,0,1164,20.81,1,3,1,1,14.88
16139.4,0,236.15,69.12,2,0,1,56.87,1,1,0,0,16083.2,3,0,1,3502.99,1,0,1,1054,1176.95,0,3,1,1,16.73
0.0,0,0.0,33.3,2,0,0,0.0,0,0,0,0,0.0,3,0,0,0.0,0,0,0,369,5.65,0,3,1,0,29.2
20241.0,0,74.0,69.11,1,1,0,65.75,1,1,0,0,20167.0,3,0,1,29398.0,1,1,1,301,3031.28,0,3,1,1,27.52
776.41,3,694.01,63.94,5,0,1,42.1,1,1,0,1,82.4,3,1,1,2467.85,0,0,1,530,10.72,0,3,1,1,32.84
0.0,4,0.0,41.21,0,0,0,15.61,0,1,0,0,0.0,0,1,0,0.0,0,0,0,117,4.89,0,3,1,1,22.15
1002.7,0,958.05,58.98,1,1,0,48.08,1,1,0,0,44.64,3,0,0,10049.3,0,0,0,717,56.87,1,3,1,1,11.43
0.0,6,0.0,25.32,1,0,0,20.51,1,1,0,0,0.0,3,1,1,0.0,0,0,0,574,27.32,0,1,1,1,23.25
8350.91,0,2172.37,66.86,1,0,0,66.23,1,1,0,0,6178.53,3,0,1,0.0,1,0,0,663,645.43,1,3,1,1,20.68
1020.0,4,640.0,66.45,2,1,0,65.09,1,1,0,0,380.0,3,1,1,6100.0,1,0,1,786,107.36,0,1,1,1,17.56
663.17,0,471.94,63.0,2,1,0,53.07,1,1,0,0,191.23,3,0,1,61400.0,0,1,1,576,32.71,1,3,1,1,15.8
11930.0,6,1500.0,66.28,2,0,0,50.5,1,1,0,0,10430.0,3,1,1,0.0,1,1,0,674,1320.91,0,3,0,1,23.5
91.24,2,74.54,52.56,2,0,0,41.86,1,1,0,0,16.69,0,1,0,5856.96,0,0,0,222,15.15,1,3,1,1,11.63
46.3,4,4.7,34.61,0,0,0,5.59,1,1,0,0,41.6,0,1,1,0.0,0,0,1,92,4.66,0,3,1,1,0.0
37336.5,8,431.3,70.23,2,0,1,57.9,1,1,1,0,36905.2,3,1,1,6445.59,1,1,0,373,3524.73,0,3,1,1,23.7
97.46,4,29.95,66.7,2,0,1,75.6,1,1,0,0,67.51,0,1,1,1036.72,0,1,0,159,15.14,1,3,1,1,16.89
1871.92,3,182.87,49.02,3,0,0,37.0,1,1,0,0,1689.05,0,1,1,459.4,0,1,0,135,132.85,1,3,1,1,25.74
167.04,0,128.13,60.6,2,1,1,46.12,1,1,0,0,38.91,3,0,1,36991.1,0,1,1,608,27.13,1,3,1,1,20.55
2009.37,3,1873.76,55.81,2,1,0,27.33,1,1,0,0,135.62,3,1,1,7079.38,1,1,0,566,277.02,1,3,1,1,20.21
73.5,5,0.0,44.97,2,1,0,17.64,1,1,0,0,0.0,3,1,1,0.0,1,0,0,569,7.66,0,3,1,1,27.3
298.21,5,222.07,49.95,1,0,1,35.73,0,1,0,0,76.13,3,1,1,0.0,0,0,0,1118,45.23,1,3,1,1,18.47
4570.0,4,1590.0,66.14,3,0,1,54.55,1,1,0,0,2980.0,3,1,1,11948.0,1,1,1,844,152.22,1,3,1,1,33.61
1011.0,6,478.0,76.65,3,1,0,74.78,1,1,0,0,533.0,3,1,1,12480.0,1,0,1,968,27.64,1,3,1,1,24.98
698.9,6,330.95,64.86,3,1,1,45.73,1,1,0,0,367.95,3,1,1,0.0,0,0,1,1124,14.65,0,3,1,1,27.84
0.0,4,0.0,48.4,0,0,0,29.66,1,1,0,0,0.0,0,1,1,0.0,1,0,0,90,7.03,0,3,1,1,0.0
0.0,0,0.0,34.04,0,0,0,4.14,0,1,0,0,0.0,0,0,1,0.0,0,0,0,82,33.28,0,3,1,1,0.0
23.3,3,22.0,43.87,4,0,0,28.42,0,1,1,0,1.3,3,1,0,252.0,0,1,0,706,3.12,0,3,1,1,18.94
63.83,4,58.91,69.11,1,1,1,65.09,1,1,0,0,4.92,3,1,0,424.34,0,0,1,1448,4.78,0,3,1,1,12.46
0.0,4,0.0,47.57,2,1,0,20.81,1,1,0,0,105.65,3,1,0,0.0,1,0,0,577,31.95,0,3,1,1,12.97
43.47,0,40.59,69.95,1,1,1,63.73,1,1,0,0,2.88,3,0,1,12241.2,0,0,0,1003,3.12,1,3,1,1,20.09
73.49,5,0.0,43.71,2,1,0,18.54,1,1,1,0,0.0,0,1,1,2559.11,0,1,1,169,6.55,0,3,1,1,26.19
0.0,5,0.0,71.03,2,0,0,73.03,1,1,1,0,0.0,3,1,1,0.0,1,1,1,325,5309.13,0,3,1,1,34.15
0.0,4,0.0,46.41,2,0,0,27.12,1,1,0,0,0.0,3,1,0,0.0,0,1,1,776,0.67,0,3,1,1,17.3
156.02,4,100.17,55.62,2,0,1,41.62,1,1,0,0,55.85,0,1,1,0.0,0,0,0,315,16.5,0,3,1,1,20.45
24200.0,5,9400.0,70.77,1,0,0,57.2,1,1,1,0,14800.0,3,1,1,7600.0,1,0,1,661,2789.28,1,2,1,1,10.81
0.0,5,0.0,0.0,3,0,0,0.0,0,0,0,0,0.0,3,1,0,0.0,0,0,1,52,60.66,0,3,1,0,29.74
21800.0,4,4400.0,78.94,3,0,0,79.22,1,1,1,0,17400.0,3,1,1,47500.0,1,1,1,254,2112.6,0,3,1,1,24.78
0.0,0,0.0,45.99,0,0,0,53.76,0,1,0,0,0.0,0,0,1,0.0,0,0,0,68,0.0,0,3,1,1,0.0
0.0,4,0.0,40.42,1,0,0,15.04,1,0,0,0,0.0,3,1,0,0.0,0,0,0,380,4.74,0,3,1,0,21.71
0.0,5,0.0,56.17,2,0,0,29.39,1,1,0,1,0.0,3,1,1,0.0,0,0,1,848,2.29,0,3,1,1,19.22
0.0,0,0.0,37.62,2,0,1,2.75,1,1,0,0,0.0,3,0,1,0.0,0,1,1,757,19.16,0,3,1,1,22.23
6621.31,0,6576.24,58.69,4,0,1,0.0,1,1,1,1,45.07,3,0,1,9503.0,1,1,1,1490,30.27,1,0,1,1,24.14
0.0,0,0.0,27.78,2,0,0,0.0,0,0,0,0,0.0,0,0,0,0.0,0,0,1,116,17.41,0,1,1,0,22.37
0.0,8,0.0,67.35,2,1,1,68.35,1,1,0,0,0.0,3,1,1,0.0,1,0,1,270,16.46,0,3,1,1,23.99
0.0,3,0.0,51.55,3,1,1,23.62,1,1,1,0,0.0,3,1,1,0.0,1,1,1,1314,144.93,1,3,1,1,30.28
28304.9,6,74.98,54.11,2,1,0,40.98,1,1,1,0,28229.9,3,1,1,18828.0,1,1,0,272,5213.11,0,3,1,1,29.44
29061.0,5,251.0,61.22,2,1,1,55.81,1,1,1,0,28810.0,0,1,1,12907.0,0,1,1,194,1145.27,0,3,1,1,29.1
56719.9,5,318.78,66.02,2,0,1,58.05,1,1,0,0,56401.1,3,1,1,35589.5,1,1,0,339,3977.78,0,1,1,1,25.81
98.22,6,80.28,57.81,2,1,1,46.36,1,1,0,0,17.94,3,1,1,0.85,0,1,1,1091,2.65,1,3,1,1,18.38
0.0,0,0.0,31.56,1,0,0,0.33,0,0,0,0,0.0,3,0,0,0.0,0,0,0,331,4.35,0,3,1,0,29.09
90.34,4,73.32,42.13,2,1,1,21.75,1,0,1,1,17.01,3,1,0,454.03,1,1,1,663,2.04,0,3,0,1,25.32
0.0,4,0.0,55.83,0,0,0,40.38,1,0,0,0,0.0,3,1,1,0.0,1,0,1,1086,114.63,0,3,1,1,10.94
0.0,3,0.0,42.61,2,0,0,10.66,1,1,0,0,0.0,3,1,0,0.0,0,0,0,839,1.4,0,3,1,1,22.61
0.0,3,0.0,63.26,3,1,1,46.87,1,0,0,0,0.0,3,1,0,0.0,0,0,0,751,0.67,0,3,1,0,12.32
289.0,5,156.0,64.96,3,0,0,53.31,0,1,1,1,133.0,3,1,1,3064.5,0,1,0,1224,13.1,1,3,1,1,22.04
387.52,4,349.46,57.97,2,0,0,62.64,1,1,0,0,38.06,3,1,1,410.59,0,0,0,526,41.96,1,3,1,1,21.58
350.12,3,182.19,54.23,0,0,1,37.21,1,0,0,1,167.94,3,1,1,0.0,0,1,0,828,56.84,1,3,1,1,23.78
0.0,0,0.0,32.59,0,0,0,0.48,0,1,0,0,0.0,0,0,0,0.0,0,0,0,76,53.91,0,3,1,0,0.0
85.5,4,73.7,49.19,2,0,1,31.83,1,1,0,0,11.8,3,1,1,947.3,0,0,0,1067,0.73,0,3,1,1,11.48
0.0,0,0.0,54.36,3,1,1,48.05,1,1,1,1,0.0,3,0,1,0.0,1,1,1,1383,3.6,1,3,1,1,16.41
193.28,3,149.3,60.38,1,1,1,38.63,1,1,0,0,43.98,3,1,1,0.0,0,0,0,1221,9.96,1,3,1,1,11.56
0.0,6,0.0,45.84,2,1,0,34.76,0,1,0,0,314.9,3,1,1,2125.26,1,0,0,325,36.94,1,3,1,1,26.47
16000.0,6,2300.0,56.16,3,1,0,44.76,1,1,0,0,13700.0,3,1,1,67401.2,1,0,1,610,221.02,1,3,1,1,36.4
0.0,6,0.0,34.65,1,0,0,1.24,0,1,0,0,0.0,3,1,1,0.0,0,0,0,390,34.37,0,3,1,1,9.94
0.0,0,0.0,35.48,2,0,0,5.68,1,0,0,0,0.0,3,0,0,0.0,0,0,0,646,8.16,0,3,1,1,21.75
0.0,0,0.0,34.32,0,0,0,2.08,1,1,0,0,0.0,0,0,1,0.0,0,0,0,116,11.28,0,3,1,1,0.0
16.8,4,14.67,50.4,3,0,0,29.39,1,1,0,0,2.13,3,1,1,334.15,0,0,0,546,1.94,0,3,1,1,24.59
0.0,5,0.0,71.55,3,1,1,60.5,1,1,0,0,0.0,3,1,1,0.0,0,1,1,829,45.5,1,3,1,1,22.07
393.0,4,290.0,56.1,3,1,1,47.39,1,1,0,0,103.0,0,1,1,3150.0,1,1,0,179,56.23,0,3,1,1,16.95
0.0,0,0.0,41.64,1,0,0,15.95,1,1,0,0,0.0,3,0,0,0.0,0,1,0,1050,8.94,0,3,1,1,13.97
0.0,3,0.0,38.58,2,0,0,15.55,0,0,0,0,0.0,0,1,1,0.0,0,0,0,112,10.06,0,3,1,0,13.0
221.04,0,189.67,46.15,2,0,0,27.39,0,1,0,0,31.37,3,0,0,0.0,0,0,0,659,18.55,1,3,1,1,11.34
59.72,4,33.18,45.54,1,0,0,35.79,1,1,0,0,26.53,3,1,1,0.0,0,0,0,482,9.52,1,3,1,1,19.14
0.0,4,0.0,57.91,1,0,0,38.33,1,1,0,0,0.0,3,1,1,0.0,1,0,0,557,51.42,1,3,1,1,15.35
0.0,2,0.0,51.74,2,1,0,41.53,1,1,0,0,0.0,0,1,1,0.0,1,0,1,109,1085.79,0,3,1,1,20.08
0.0,4,0.0,43.21,1,0,0,16.79,1,1,0,0,0.0,0,1,1,0.0,0,0,0,140,3.08,0,3,1,1,10.2
639.34,4,247.99,66.39,1,0,0,54.52,1,1,1,0,391.35,3,1,1,237010.0,1,1,1,686,36.72,0,3,1,1,21.13
1302.22,5,835.44,73.21,2,1,1,72.46,1,1,1,0,466.78,3,1,1,11877.0,0,1,0,874,111.04,1,3,1,1,10.81
658.98,6,601.91,70.79,3,1,1,65.87,1,1,0,1,57.08,3,1,1,2936.01,1,1,1,955,8.27,0,3,1,1,27.15
95.89,4,89.67,64.42,3,0,0,55.0,1,1,0,1,6.21,3,1,1,1.22,1,0,1,920,6.99,0,3,1,1,21.48
207.54,0,188.43,47.65,2,0,0,36.48,1,1,0,0,19.11,3,0,1,275.4,1,0,0,451,27.38,1,0,1,1,15.74
723.0,0,385.0,68.61,3,0,0,62.52,1,1,0,0,338.0,3,0,1,4661.0,1,1,0,810,66.6,1,3,1,1,23.74
0.0,5,0.0,43.78,0,0,0,16.46,0,1,0,0,0.0,0,1,1,0.0,0,0,0,74,14.79,0,3,1,1,0.0
494.5,5,342.2,63.15,3,0,1,46.3,1,1,0,0,152.3,3,1,1,3552.27,1,1,1,917,29.06,1,3,1,1,26.74
175.0,4,0.0,43.23,0,0,0,22.2,1,1,0,0,0.0,0,1,1,0.0,0,1,0,79,24.17,1,3,1,1,0.0
0.0,0,0.0,31.09,1,0,0,0.33,0,0,0,0,0.0,3,0,0,0.0,0,0,0,0,250.68,0,3,1,0,16.02
2057.99,4,1885.77,64.76,1,1,0,66.11,1,1,0,0,172.23,0,1,1,8434.52,1,1,0,86,176.8,1,3,1,1,17.2
0.0,4,0.0,57.28,2,1,1,45.97,1,1,1,0,246.9,3,1,1,22899.4,0,1,1,954,12.08,1,3,1,1,14.26
0.0,0,0.0,42.07,0,0,0,12.59,0,1,0,0,0.0,0,0,1,0.0,0,0,0,93,45.81,0,3,1,1,0.0
97.44,0,34.26,67.32,3,1,1,62.55,1,1,1,1,63.18,3,0,1,406.46,0,1,1,1041,10.45,1,3,1,1,21.05
0.0,0,0.0,38.3,2,0,0,14.71,0,0,0,0,0.0,0,0,0,0.0,0,0,0,134,41.87,0,3,1,0,30.23
0.0,6,0.0,47.72,2,1,1,23.35,1,1,0,0,0.0,3,1,0,0.0,0,0,1,977,1.48,0,3,1,1,20.57
0.0,0,0.0,24.67,2,0,1,2.75,1,1,0,0,0.0,3,0,1,0.0,0,0,0,489,0.78,0,3,1,1,25.7
0.0,4,12.36,41.22,1,0,0,21.9,0,1,1,0,0.0,3,1,1,296.72,0,1,0,680,1.6,0,3,1,1,18.77
1368.0,0,756.0,52.96,4,0,0,41.53,1,1,1,0,612.0,3,0,1,278052.0,1,1,1,246,25.86,1,3,1,1,34.68
0.0,0,0.0,40.24,0,0,0,17.64,1,1,0,0,0.0,0,0,1,0.0,1,0,0,145,56.97,1,3,1,1,0.0
1.36,0,0.52,44.33,3,0,1,27.06,1,1,1,0,0.84,3,0,1,117.39,1,1,0,957,0.15,1,3,1,1,22.33
13.86,4,13.86,47.63,2,1,0,31.32,0,1,0,0,0.03,3,1,0,9.89,0,1,1,370,3.09,0,3,1,1,16.49
598.07,3,515.32,54.51,2,1,0,29.93,1,1,0,0,82.76,3,1,1,11800.0,1,1,0,676,69.32,1,3,1,1,13.44
52.28,4,16.89,61.41,2,0,1,53.28,1,1,1,0,35.4,3,1,1,0.0,0,1,0,758,5.18,1,3,1,1,26.33
0.0,4,0.0,36.78,0,0,0,0.0,0,0,0,0,0.0,0,1,0,0.0,0,0,0,136,7.03,0,3,1,0,21.71
278.04,0,112.7,53.61,2,0,1,36.03,1,1,0,0,165.34,3,0,1,11.89,1,1,1,1166,7.49,1,3,1,1,22.83
292.31,4,164.6,53.91,3,0,0,37.45,1,1,0,0,127.71,3,1,1,0.0,0,0,0,786,12.65,0,3,1,1,22.41
151.7,0,1.73,37.71,1,1,0,9.03,1,1,0,0,149.97,0,0,1,0.0,0,0,0,169,8.98,0,3,1,1,31.6
174.98,4,139.9,47.97,2,0,0,36.06,1,1,0,0,35.08,3,1,1,94.86,0,0,0,495,21.53,0,3,1,1,16.22
32.27,0,20.14,55.93,1,0,0,40.41,1,0,0,0,2.14,3,0,0,17360.7,0,0,0,749,1.65,1,3,1,1,20.17
0.0,0,0.0,31.92,2,0,0,0.0,0,0,0,0,0.0,0,0,0,0.0,0,0,0,65,16.16,0,3,1,0,16.76
687.52,0,222.27,67.46,2,0,0,60.16,1,1,0,0,465.26,3,0,1,6255.79,1,0,0,700,96.58,1,3,1,1,22.56
0.0,0,0.0,32.9,0,0,0,0.33,0,0,0,0,0.0,0,0,0,0.0,0,0,0,74,31.99,0,1,1,0,0.0
124.72,4,118.11,52.33,4,0,1,37.21,1,1,1,0,6.62,3,1,1,378.75,1,0,1,663,4.75,0,3,1,1,22.62
412.0,4,256.0,59.04,3,1,1,33.52,1,1,0,0,156.0,3,1,1,3.0,0,0,1,763,4.19,1,3,1,1,12.28
171.27,0,79.62,39.5,1,0,0,9.3,1,1,0,0,91.65,3,0,1,0.0,0,1,0,545,6.28,0,0,1,1,11.97
0.0,4,0.0,54.36,2,1,0,44.61,1,1,0,0,0.0,3,1,1,0.0,0,1,1,695,25.29,0,3,1,1,16.83
0.0,0,0.0,31.14,2,0,0,0.0,0,0,0,0,0.0,0,0,0,0.0,0,0,0,311,6.61,0,1,1,0,13.09
0.0,4,0.0,46.25,2,0,0,16.79,0,1,0,0,0.0,0,1,1,0.0,0,0,0,72,60.47,0,3,1,1,29.76
1590.0,4,850.0,57.93,4,1,1,35.28,1,1,1,0,740.0,3,1,1,0.0,0,0,1,877,36.74,1,3,1,1,34.18
0.0,0,0.0,60.53,1,1,1,28.03,1,1,1,0,0.0,3,0,1,0.0,0,0,0,934,3.63,0,3,1,1,6.99
0.0,9,0.0,36.46,0,0,1,4.14,1,1,0,0,0.0,3,1,1,0.0,0,1,0,577,6.16,1,3,1,1,9.14
0.0,4,0.0,57.66,2,0,0,57.78,1,1,0,0,0.0,3,1,1,0.0,0,0,1,484,564.08,1,3,1,1,29.27
0.0,7,0.0,36.97,2,0,0,4.32,1,1,0,0,0.0,3,1,1,0.0,0,0,1,852,1.32,0,3,1,1,20.83
0.0,5,0.0,58.42,2,0,0,56.48,1,1,0,0,0.0,3,1,1,0.0,1,1,0,345,1023.72,0,0,1,1,25.56
130.64,6,125.74,50.64,2,0,0,29.81,0,1,0,0,4.91,0,1,0,540.93,0,0,0,595,26.69,0,3,1,1,21.38
0.0,0,0.0,34.55,2,0,0,1.57,1,0,0,0,0.0,3,0,0,0.0,0,0,0,868,7.53,0,3,1,1,24.01
1433.53,5,1057.82,37.25,2,0,0,6.43,0,0,0,0,375.71,3,1,0,1007.78,0,1,0,627,32.66,0,3,1,1,26.53
0.0,5,0.0,54.57,2,0,0,14.59,0,1,0,0,0.0,3,1,1,0.0,1,0,0,614,699.28,0,3,1,0,23.67
59000.0,4,2000.0,61.7,3,0,0,45.55,1,1,0,0,57000.0,3,1,1,621000.0,1,1,1,535,446.51,0,3,1,1,37.61
0.0,0,0.0,30.59,1,0,0,0.0,0,0,1,0,0.0,3,0,0,0.0,0,0,0,268,7.57,0,0,1,0,28.44
255.16,3,128.79,46.38,2,1,0,23.35,1,1,0,0,126.37,3,1,1,3567.12,0,0,0,599,39.82,1,3,1,1,24.19
0.0,0,0.0,41.29,0,0,0,16.46,0,1,0,0,0.0,0,0,1,0.0,0,0,0,43,34.2,0,1,0,1,0.0
0.0,4,0.0,59.7,2,1,1,39.02,1,1,0,0,0.0,3,1,1,0.0,0,1,0,930,1.39,0,3,1,1,14.4
0.0,6,0.0,37.84,1,0,0,12.08,0,1,0,0,0.0,3,1,1,0.0,0,0,0,509,3.04,0,3,1,1,25.62
466.63,0,88.86,53.65,2,0,0,36.67,1,1,0,0,377.77,3,0,1,0.0,0,1,0,634,70.83,0,3,1,1,18.81
610.5,3,581.12,61.69,2,1,1,65.57,1,1,0,0,29.39,3,1,1,17756.3,1,1,1,1391,14.59,1,3,1,1,12.07
507.99,7,463.31,61.78,4,0,1,42.95,1,1,1,1,44.68,3,1,1,10.59,1,1,1,904,7.49,0,3,1,1,27.1
39.64,0,0.0,42.67,2,0,0,13.35,1,0,0,0,0.0,3,0,0,0.0,0,0,0,686,6.68,0,3,1,0,22.33
0.0,4,0.0,56.94,2,0,1,42.86,0,1,0,0,0.0,3,1,1,0.0,1,0,0,808,45.62,1,3,1,1,21.08
0.0,3,0.0,61.75,2,0,1,60.01,1,1,1,0,0.0,3,1,1,0.0,1,1,1,347,1964.23,0,3,1,1,21.29
0.0,4,0.0,60.98,3,1,0,59.14,1,1,1,0,0.0,3,1,1,0.0,1,1,1,1121,45.57,1,3,1,1,22.56
108.48,4,97.88,48.37,2,0,1,26.25,1,1,0,0,10.6,3,1,1,1190.95,0,1,1,779,6.9,0,3,1,1,14.38
0.0,5,0.0,79.58,3,1,1,72.4,1,1,1,0,213.0,3,1,1,40358.0,1,1,1,1152,38.46,1,3,1,1,22.12
2071.03,3,1551.75,51.3,2,0,0,33.04,0,1,1,0,519.29,3,1,0,0.0,0,1,1,950,20.96,0,3,1,1,24.76
2554.52,0,1436.77,68.75,0,1,1,70.01,1,1,0,0,1117.75,0,0,1,0.0,1,0,1,113,451.71,0,3,1,1,0.0
171.44,0,117.33,61.07,0,0,0,58.44,1,1,0,0,54.11,0,0,1,32.91,1,0,1,99,23.51,1,3,1,1,14.76
0.0,0,0.0,40.23,0,0,0,16.79,1,1,0,0,0.0,0,0,1,0.0,0,0,0,66,42.67,0,2,1,1,0.0
829.44,5,402.29,58.17,2,1,0,52.31,1,1,0,0,427.15,3,1,1,0.0,1,0,0,648,80.53,1,3,1,1,32.76
0.0,6,0.0,63.81,2,0,0,52.7,1,1,0,0,17720.0,3,1,1,0.0,1,1,1,590,483.41,0,3,1,1,34.9
0.0,5,0.0,50.64,3,0,1,34.22,1,1,1,1,0.0,3,1,1,0.0,1,0,1,721,335.88,0,3,1,1,23.09
0.0,0,0.0,42.5,2,0,0,23.86,0,1,0,0,0.0,3,0,1,0.0,1,0,0,491,50.85,0,2,1,1,25.79
0.0,0,0.0,33.53,0,0,0,0.33,0,0,0,0,0.0,0,0,0,0.0,0,0,0,7,16.3,0,4,1,1,0.0
0.0,4,0.0,43.92,2,1,1,23.23,0,1,0,0,0.0,3,1,1,0.0,0,0,0,570,176.3,0,3,1,1,19.42
1023.0,6,614.0,59.28,3,1,0,51.83,1,1,0,0,409.0,3,1,1,6343.0,1,1,0,501,76.95,1,3,1,1,40.01
0.0,0,0.0,42.25,3,0,0,23.32,1,1,0,0,0.0,3,0,1,0.0,1,0,0,813,17.5,1,1,1,1,24.19
0.0,0,0.0,49.61,2,0,0,29.33,1,0,0,0,0.0,0,0,1,0.0,0,0,0,92,13.58,0,1,1,1,32.7
70.84,6,57.79,55.5,0,0,0,44.31,1,1,0,0,13.05,3,1,1,0.0,1,1,0,860,13.16,0,3,1,1,13.2
1345.84,4,800.35,53.33,1,1,1,49.02,0,1,0,0,545.49,3,1,1,10230.0,0,0,0,414,139.1,1,3,1,1,9.81
4100.97,5,144.89,61.03,3,1,0,63.18,1,1,0,0,3956.08,3,1,1,0.0,1,0,0,823,385.68,0,3,1,1,20.09
734.0,7,465.0,59.43,2,1,0,52.01,1,1,0,0,269.0,3,1,1,0.0,0,1,1,982,35.98,1,3,1,1,19.36
0.0,5,0.0,61.85,3,1,1,46.03,0,1,0,0,188.26,3,1,1,6663.13,0,1,0,959,4.69,1,3,1,1,22.86
0.0,0,0.0,34.35,2,0,0,1.27,0,0,0,0,0.0,3,0,1,0.0,0,0,0,576,2.47,0,3,1,1,22.06
546.56,3,401.32,56.82,0,1,1,63.18,1,1,0,1,145.24,0,1,1,0.0,1,0,0,134,71.96,1,3,1,1,0.0
0.0,4,0.0,45.4,2,0,0,30.05,0,1,0,0,0.0,3,1,1,0.0,0,0,0,1184,15.29,1,3,1,1,11.73
0.0,5,0.0,46.78,2,0,0,17.12,1,1,0,0,0.0,3,1,1,0.0,0,0,0,530,127.53,0,1,1,1,28.06
0.0,3,0.0,51.43,2,0,1,33.28,0,1,0,0,0.0,3,1,1,0.0,1,0,0,706,26.89,0,3,1,1,22.72
0.0,0,0.0,42.12,0,0,0,37.84,0,0,0,0,0.0,0,0,0,0.0,1,1,0,17,1507.64,0,3,1,0,0.0
811.0,0,407.7,56.62,2,1,1,34.94,1,1,0,0,403.3,3,0,1,112453.0,1,0,1,1137,56.76,0,3,1,1,16.64
0.0,3,0.0,0.0,0,0,0,0.0,1,1,0,0,0.0,0,1,0,0.0,0,0,0,73,649.75,0,3,1,1,0.0
405.7,0,360.8,51.86,2,0,1,30.87,1,1,0,0,44.9,3,0,1,15134.6,0,0,1,583,4.72,1,3,1,1,16.22
24807.5,8,246.22,57.12,2,1,0,48.69,1,1,1,0,24561.3,3,1,1,2353.04,1,1,1,504,977.09,1,3,1,1,26.13
215.33,0,189.16,54.13,2,0,0,38.33,1,1,0,0,26.17,0,0,1,0.0,1,0,0,139,22.64,1,3,1,1,16.2
40.75,3,38.81,44.28,2,0,0,27.54,0,1,0,0,1.95,3,1,1,0.0,1,0,0,768,3.63,0,3,1,1,22.57
0.0,0,0.0,32.82,1,0,0,1.24,0,1,0,0,0.0,3,0,0,0.0,0,1,1,544,20.94,0,3,1,1,17.24
0.0,0,0.0,36.39,3,0,0,15.28,0,1,0,0,0.0,3,0,0,0.0,0,0,0,375,10.62,0,0,1,1,21.4
1623.03,4,1214.41,41.1,2,0,0,12.65,1,1,0,0,4008.62,3,1,0,0.0,0,0,0,618,60.64,0,3,1,1,17.11
1143.23,5,930.83,44.6,2,0,0,30.47,1,1,0,0,212.4,3,1,0,6178.59,0,0,0,587,50.99,1,3,1,1,15.08
0.0,5,0.0,64.08,2,0,0,64.27,1,1,1,1,0.0,3,1,1,0.0,1,1,1,397,3316.97,0,3,1,1,25.38
0.0,0,0.0,50.88,1,1,0,42.49,1,0,0,0,0.0,3,0,1,0.0,0,0,0,718,21.7,0,3,1,1,25.09
32230.0,6,3940.0,69.21,3,0,1,59.77,1,1,1,0,28290.0,3,1,1,80719.5,1,1,1,579,690.49,1,3,1,1,24.1
0.0,4,0.0,67.84,2,0,0,73.06,1,1,1,0,0.0,3,1,1,0.0,1,1,1,300,2495.63,0,3,1,1,25.41
0.0,6,0.0,72.17,2,0,0,73.91,1,1,1,0,0.0,3,1,1,0.0,1,1,1,344,3789.42,0,3,1,1,27.63
3144.68,6,1274.42,67.68,3,0,1,69.53,1,1,0,0,1870.26,3,1,1,0.0,1,1,0,568,222.38,0,3,1,1,28.95
515.45,0,481.74,62.25,2,0,0,63.15,1,1,0,0,33.71,0,0,1,2.35,0,0,0,0,25.2,1,3,1,1,16.08
0.0,9,0.0,67.43,2,0,0,60.68,1,1,0,0,0.0,3,1,1,0.0,1,1,0,345,799.76,1,2,1,1,24.36
47.31,5,41.76,62.67,2,1,1,57.44,1,1,0,0,5.56,3,1,1,4751.88,1,1,1,1008,5.35,1,3,1,1,17.11
412.98,6,130.78,75.77,2,1,1,79.16,1,1,1,0,282.2,3,1,1,7437.49,1,1,0,1183,38.19,1,3,1,1,24.09
0.0,5,0.0,60.1,3,0,1,45.42,1,1,0,1,0.0,3,1,1,0.0,1,0,1,608,180.64,0,3,1,1,27.43
0.0,2,0.0,43.68,2,0,0,21.9,1,0,0,0,0.0,3,1,0,0.0,0,0,0,1019,25.96,0,3,1,0,10.36
0.0,5,0.0,61.51,2,0,1,55.9,1,1,0,0,0.0,3,1,1,0.0,1,1,0,1112,30.08,1,3,1,1,32.4
0.0,3,0.0,38.75,0,0,0,7.58,1,1,0,0,0.0,0,1,1,0.0,0,0,0,147,34.04,0,3,1,1,0.0
0.0,4,0.0,51.55,2,0,0,34.34,0,1,0,0,0.0,3,1,1,0.0,0,0,1,711,48.29,0,3,1,1,29.47
0.0,0,0.0,30.22,0,0,0,5.62,0,0,0,0,0.0,0,0,1,0.0,1,0,1,21,566.47,0,3,1,1,0.0
35590.0,4,90.0,68.31,2,0,1,63.49,1,1,0,0,35500.0,3,1,1,0.0,1,1,0,440,3569.12,0,0,1,1,29.8
0.0,3,0.0,46.14,0,0,0,33.4,0,1,0,0,0.0,0,1,1,0.0,1,0,0,41,626.17,0,3,1,1,0.0
0.0,8,0.0,57.13,1,0,0,30.41,1,1,0,0,0.0,3,1,1,0.0,1,1,1,505,416.08,0,3,1,1,36.25
2358.3,3,2307.6,58.03,1,1,1,42.92,1,1,0,1,50.7,3,1,1,1504.0,1,1,0,1060,418.53,0,3,1,1,11.79
0.0,3,0.0,32.88,2,0,0,0.33,0,0,0,0,0.0,3,1,0,0.0,0,0,0,538,3.9,0,3,1,0,23.09
0.0,6,0.0,70.54,2,0,1,66.29,1,1,0,0,24.1,3,1,1,0.0,1,0,0,1002,5.36,1,3,1,1,25.91
0.0,5,0.0,73.3,2,0,0,73.06,1,1,1,1,0.0,3,1,1,0.0,1,1,0,842,88.97,0,3,1,1,19.05
5335.0,4,4868.0,65.11,3,0,0,54.45,1,1,1,0,467.0,3,1,1,88698.0,1,0,1,625,172.85,0,3,1,1,24.39
49.2,3,42.14,46.68,2,0,0,26.49,1,1,0,0,7.06,3,1,1,0.32,0,0,0,825,3.51,0,3,1,1,15.78
0.0,4,0.0,60.99,3,0,0,46.09,1,1,0,0,0.0,3,1,1,0.0,1,0,0,531,692.79,0,3,1,1,36.47
0.0,0,0.0,38.6,2,0,0,15.61,0,1,0,0,0.0,3,0,0,0.0,0,0,0,803,49.57,1,3,1,1,26.4
17595.6,4,935.79,62.85,2,0,0,63.7,1,1,0,0,16659.8,3,1,0,3852.75,0,1,1,667,308.59,1,3,1,1,20.45
0.0,0,0.0,39.48,1,0,0,2.42,1,1,0,0,0.0,3,0,1,0.0,0,0,0,428,12.84,0,3,1,1,23.94
0.0,5,0.0,48.49,1,0,1,29.3,1,1,0,0,0.0,3,1,1,0.0,0,1,1,769,7.17,0,3,1,1,18.08
0.0,0,0.0,61.35,2,0,1,38.18,1,1,0,1,0.0,3,0,1,0.0,0,0,0,606,10.25,0,3,1,1,18.75
0.0,3,0.0,39.9,3,0,0,10.69,1,1,0,0,0.0,0,1,1,0.0,0,0,0,165,0.67,0,3,1,1,22.75
17092.9,5,1263.27,64.19,3,0,1,57.99,1,1,0,0,15829.7,3,1,1,30374.1,1,1,0,304,1808.22,0,3,1,1,29.37
0.0,4,0.0,33.92,2,0,0,0.76,1,0,0,0,0.0,3,1,0,0.0,0,0,0,732,6.26,0,3,1,1,18.34
0.0,4,0.0,56.8,0,0,0,32.65,0,1,0,0,0.0,0,1,1,0.0,1,1,0,63,5.01,0,3,0,1,0.0
83.06,5,76.47,38.95,2,0,0,15.55,1,1,0,0,6.59,0,1,1,2.49,0,0,0,116,12.46,0,3,1,1,14.39
0.0,10,0.0,72.88,3,1,1,74.87,1,1,0,0,1080.0,3,1,1,45100.0,1,1,0,604,33.95,1,3,1,1,29.95
291.03,6,220.1,55.92,0,0,1,38.6,1,1,0,0,70.92,3,1,1,0.0,1,0,0,747,44.76,1,3,1,1,25.64
0.0,0,0.0,34.43,0,0,0,1.75,0,1,0,0,0.0,0,0,1,0.0,0,0,0,89,42.16,0,5,1,1,0.0
0.0,0,0.0,36.06,2,0,0,2.08,0,1,0,0,0.0,3,0,1,0.0,0,1,0,587,4.57,0,3,1,1,18.18
0.0,4,0.0,73.7,4,1,1,76.47,1,1,0,0,4575.56,3,1,1,1996.72,1,1,0,384,466.81,0,3,1,1,31.94
270.17,3,244.82,53.64,3,1,1,36.73,1,1,0,0,25.35,0,1,1,8303.86,1,1,1,194,17.38,1,3,0,1,15.18
0.0,5,0.0,38.75,3,0,0,2.42,1,1,0,0,0.0,3,1,1,0.0,0,0,1,211,21.3,0,3,1,1,34.88
1810.0,5,1070.0,57.68,3,1,0,33.31,1,1,1,0,0.0,3,1,1,0.0,1,1,1,516,42.77,1,3,1,1,40.81
0.0,5,0.0,64.14,2,1,1,49.41,1,1,0,0,364.0,3,1,1,17300.0,1,1,1,1001,59.36,1,3,1,1,21.51
4134.67,5,2881.77,80.26,4,1,1,80.31,1,1,1,0,1252.91,3,1,1,0.0,1,1,1,605,38.34,0,3,1,1,30.89
0.0,0,0.0,43.3,2,0,0,28.42,0,1,0,0,0.0,3,0,1,0.0,0,0,0,623,19.04,0,3,1,1,12.64
6.27,4,5.68,46.88,0,0,0,27.12,1,1,0,0,0.59,0,1,0,38.34,0,0,0,121,0.94,0,3,1,1,0.0
0.0,4,0.0,64.14,2,1,0,47.21,1,1,0,0,0.0,3,1,1,0.0,1,0,1,1143,4.53,0,3,1,1,22.08
0.0,0,0.0,40.3,2,0,0,13.47,0,1,0,0,0.0,3,0,1,0.0,0,1,1,636,4.9,0,3,1,1,19.18
155.96,4,143.8,48.66,3,0,1,40.68,1,1,1,1,12.17,3,1,1,23.8,0,1,1,708,2.83,0,3,1,1,26.16
2478.0,5,1247.0,66.04,0,1,1,64.27,1,1,0,0,1231.0,0,1,1,0.0,1,1,1,90,166.96,0,3,1,1,0.0
0.0,4,0.0,65.2,0,1,0,65.12,1,1,0,1,0.0,0,1,1,0.0,1,0,0,163,362.66,1,3,1,1,16.43
0.0,4,0.0,32.77,0,0,0,0.0,0,0,0,0,0.0,0,1,0,0.0,0,0,0,127,8.45,0,3,1,0,0.0
3752.39,4,248.95,68.32,2,1,0,51.98,1,1,0,0,3503.44,3,1,1,158.74,1,0,0,603,288.91,0,3,1,1,23.8
209.1,0,122.09,55.42,2,1,1,51.53,1,1,0,0,87.01,0,0,1,0.0,0,0,0,136,36.21,1,3,1,1,14.51
22.66,5,14.26,57.0,1,0,1,36.54,1,1,0,0,8.4,3,1,1,10290.4,0,1,1,752,1.19,0,3,1,1,16.17
0.0,6,0.0,62.8,2,0,0,58.56,1,1,0,0,0.0,3,1,1,0.0,0,0,0,805,2.35,1,3,1,1,9.36
0.0,3,0.0,0.0,0,0,0,0.0,0,0,0,0,0.0,0,1,0,0.0,0,0,1,0,0.0,0,3,1,0,0.0
0.0,0,0.0,50.72,2,0,0,35.73,1,1,0,0,0.0,3,0,1,0.0,0,0,1,690,2.54,1,3,1,1,13.48
347.86,6,201.2,70.4,3,1,0,79.61,1,1,0,0,146.65,3,1,1,5346.69,1,0,1,705,45.66,1,3,1,1,27.21
306.34,3,276.04,69.01,2,1,1,60.68,1,1,1,0,30.3,3,1,1,10122.1,1,1,1,842,13.1,1,3,1,1,11.94
1821.0,5,1214.0,54.47,2,0,1,36.15,1,1,0,0,607.0,3,1,1,2916.0,0,0,1,1272,17.24,1,3,1,1,12.54
0.0,5,0.0,53.56,3,0,0,39.11,1,1,1,0,0.0,3,1,1,0.0,1,1,1,382,67.75,0,3,1,1,29.31
0.0,5,0.0,57.31,3,0,0,37.84,1,1,0,0,0.0,3,1,1,0.0,0,0,0,716,128.54,1,3,1,1,27.86
0.0,6,0.0,70.25,2,1,1,63.24,1,1,1,1,0.0,3,1,1,0.0,1,1,1,897,5.09,1,3,0,1,10.77
0.0,3,0.0,55.68,2,0,1,44.58,0,1,0,0,0.0,3,1,0,0.0,0,0,0,945,1.31,1,3,1,1,22.37
0.0,0,0.0,46.03,2,0,0,25.28,1,1,0,0,0.0,3,0,0,0.0,0,0,1,243,54.37,0,2,1,1,35.45
0.0,4,0.0,61.47,1,0,0,57.75,1,1,0,0,0.0,0,1,1,0.0,0,0,0,83,232.99,1,0,1,1,29.33
0.0,3,0.0,69.63,2,0,1,63.0,1,1,0,0,0.0,3,1,1,0.0,1,1,1,910,21.19,1,3,0,1,14.77
0.0,0,0.0,16.53,0,0,0,0.0,0,0,0,0,0.0,0,0,0,0.0,0,0,0,4,26.38,0,3,1,0,0.0
0.0,0,0.0,56.35,2,0,0,44.91,0,1,0,0,0.0,3,0,1,0.0,0,0,0,872,36.82,1,3,1,1,19.6
0.0,3,0.0,52.9,2,0,0,36.79,1,1,0,0,0.0,0,1,1,0.0,1,0,0,140,596.76,0,3,1,1,28.55
0.0,4,0.0,40.83,0,0,0,15.61,0,1,0,0,0.0,0,1,0,0.0,0,0,1,100,7.72,0,2,1,1,0.0
6001.0,4,3820.0,77.62,3,0,1,66.75,1,1,0,0,2181.0,3,1,1,28863.0,1,0,1,1128,89.51,1,3,1,1,17.26
0.0,4,0.0,45.39,2,0,0,21.96,1,1,0,0,0.0,3,1,0,0.0,0,0,0,838,10.05,0,3,1,1,16.34
0.0,5,0.0,51.42,3,0,0,25.61,1,1,0,0,0.0,3,1,1,0.0,1,0,1,733,701.42,1,3,1,1,23.82
0.0,6,0.0,54.73,1,0,0,40.68,0,1,1,0,0.0,3,1,1,0.0,0,0,1,867,5.92,0,3,1,1,15.15
0.0,5,0.0,46.69,2,1,1,27.09,1,1,0,0,0.0,3,1,1,0.0,0,0,1,1185,0.48,0,3,1,1,16.2
0.0,4,0.0,42.06,2,1,0,16.28,1,1,0,0,0.0,3,1,0,0.0,0,0,0,846,6.02,0,3,1,1,19.24
1933.51,0,20.67,55.29,1,0,0,31.77,1,1,0,0,1912.85,3,0,0,1376.02,0,0,0,560,187.12,0,3,1,0,14.32
328.44,3,119.1,55.98,2,1,0,49.35,1,1,0,0,209.35,3,1,1,6044.52,1,0,0,806,50.08,1,3,1,1,30.92
2046.58,0,1992.71,55.33,1,0,0,49.11,1,1,0,0,53.87,0,0,1,45.87,0,0,0,143,83.16,1,3,1,1,10.89
0.0,6,0.0,60.24,0,1,1,34.58,1,1,1,0,0.0,0,1,1,0.0,0,1,1,4,24.92,0,3,1,1,0.0
0.0,7,0.0,39.52,2,0,0,16.79,1,1,0,0,0.0,0,1,0,0.0,1,0,0,173,2.09,0,3,1,1,24.14
0.0,5,0.0,70.78,4,1,1,71.1,1,1,1,0,0.0,3,1,1,0.0,1,1,1,1019,13.25,1,3,1,1,25.08
0.0,11,0.0,57.11,1,1,0,38.66,1,1,1,0,0.0,0,1,1,0.0,0,1,0,261,2.93,1,3,1,1,7.47
0.0,3,0.0,55.13,3,0,1,35.73,1,1,0,1,0.0,3,1,1,0.0,1,1,1,1050,4.82,0,3,1,1,29.02
0.0,4,0.0,47.57,4,0,1,22.23,1,1,1,0,0.0,0,1,1,0.0,1,1,1,52,6.95,0,3,1,1,23.42
0.0,5,0.0,65.06,2,0,1,56.24,1,1,0,0,0.0,3,1,1,0.0,1,0,0,879,88.39,1,2,1,1,26.84
0.0,0,0.0,55.65,2,1,1,42.59,1,1,0,0,0.0,3,0,1,0.0,1,0,1,681,44.95,1,3,1,1,21.19
47.14,6,36.4,52.36,1,1,1,35.82,1,1,0,0,10.74,3,1,0,100.15,0,0,0,798,7.34,0,3,1,1,23.15
3504.0,4,1732.0,72.34,2,1,0,64.78,1,1,0,0,1772.0,3,1,1,12591.0,1,0,0,886,212.26,1,3,1,1,22.05
18100.0,4,2800.0,76.23,2,0,0,59.26,1,0,0,0,15300.0,3,1,1,0.0,1,0,0,598,1283.27,0,3,1,1,18.55
2.78,0,2.24,21.14,2,0,0,5.83,1,1,0,0,0.54,3,0,0,3.15,0,0,0,434,0.36,0,3,1,1,0.0
0.0,0,0.0,43.15,0,0,1,18.21,1,1,0,0,0.0,3,0,1,0.0,0,0,0,746,36.97,1,3,1,1,16.91
0.0,0,0.0,46.73,2,0,0,26.94,1,1,0,1,0.0,0,0,1,0.0,0,0,1,188,24.4,0,3,1,1,12.63
0.0,0,0.0,52.66,3,0,0,32.44,1,1,0,0,0.0,3,0,1,0.0,1,0,1,570,73.46,1,3,1,1,35.3
5090.35,5,3018.23,51.09,3,0,0,38.66,1,1,0,0,2072.13,3,1,1,1501.95,1,0,0,778,47.73,1,3,1,1,21.39
0.0,4,0.0,53.96,2,0,0,40.14,1,1,1,0,0.0,3,1,1,0.0,0,0,0,332,21.19,0,3,1,1,29.66
0.0,5,0.0,43.61,2,1,0,16.46,0,1,0,0,0.0,3,1,1,0.0,0,0,0,871,32.54,0,3,0,1,19.04
160.29,0,109.63,61.91,1,0,1,50.89,1,1,1,0,50.66,3,0,1,6685.68,0,1,0,1015,13.29,1,3,1,1,13.66
379.03,5,297.38,60.53,2,0,1,40.65,1,1,1,0,81.64,3,1,1,0.0,1,1,1,474,23.17,0,3,1,1,12.51
0.0,5,0.0,49.42,1,0,0,33.92,0,0,0,0,0.0,3,1,1,0.0,0,0,1,292,4.79,0,3,1,1,11.5
0.0,0,0.0,33.6,2,0,0,2.42,0,1,0,0,0.0,3,0,1,0.0,0,0,0,518,2.58,0,1,1,1,23.06
3.49,0,0.94,36.17,0,0,0,15.13,1,1,1,0,2.55,3,0,1,0.0,0,1,0,285,1.92,0,3,1,1,0.0
0.0,0,0.0,52.08,2,0,0,36.94,1,1,0,0,0.0,3,0,1,0.0,0,0,0,648,0.43,0,3,1,1,16.91
0.0,0,0.0,42.29,2,0,0,13.47,0,1,0,0,0.0,0,0,1,0.0,0,0,0,118,3.5,0,3,1,1,12.53
0.0,4,0.0,46.21,2,0,0,29.18,1,0,0,0,0.0,3,1,1,12.27,0,1,0,812,29.79,0,3,1,1,12.87
852.27,6,554.64,59.34,3,0,1,47.21,1,1,0,0,297.63,3,1,1,36888.3,1,0,0,218,14.97,0,3,1,1,28.36
0.0,0,0.0,32.85,2,0,0,0.82,0,1,0,0,0.0,3,0,1,0.0,1,0,0,450,7.06,1,3,1,1,16.48
1971.0,5,1430.0,63.0,3,0,1,41.44,0,1,0,0,541.0,3,1,1,0.0,1,0,1,1148,20.23,1,3,1,1,11.49
7.08,5,5.45,52.57,2,0,0,42.01,1,1,0,0,1.63,3,1,1,0.84,0,0,0,288,1.08,0,3,0,1,23.09
0.0,4,0.0,53.17,2,1,0,40.98,1,1,0,0,0.0,3,1,1,0.0,0,0,1,580,114.52,0,3,1,1,24.01
36.8,0,21.68,43.12,1,0,1,15.22,1,1,0,0,15.12,3,0,1,1.31,0,0,0,546,7.1,0,3,1,1,26.16
404.47,0,367.6,51.94,2,0,0,25.73,1,1,0,0,36.87,0,0,1,16.39,0,0,0,184,22.12,1,3,1,1,16.81
0.0,0,0.0,31.26,0,0,0,14.38,0,0,0,0,0.0,0,0,0,0.0,0,0,0,17,5.94,0,3,1,0,0.0
0.0,4,0.0,56.97,2,1,0,39.47,0,1,0,0,0.0,0,1,1,0.0,0,0,0,229,1.7,0,3,1,1,9.95
40200.0,7,8000.0,68.03,3,0,0,65.99,1,1,0,0,32200.0,3,1,1,417000.0,1,0,1,0,584.88,0,3,1,1,28.7
0.0,0,0.0,32.05,2,0,0,0.33,0,0,0,0,0.0,3,0,0,0.0,0,0,0,397,4.25,0,3,1,0,29.52
0.0,0,0.0,66.67,3,1,1,61.88,1,1,0,0,0.0,3,1,1,0.0,1,0,1,586,306.71,1,3,1,1,21.89
0.0,6,0.0,43.11,2,0,0,20.54,1,1,1,0,24.15,3,1,0,7.4,0,1,1,1049,6.6,0,3,1,1,19.45
0.0,4,0.0,52.35,1,0,0,31.77,0,1,0,0,0.0,3,1,1,0.0,0,0,0,808,27.72,0,3,1,1,25.93
0.0,3,0.0,38.67,1,0,0,17.64,0,1,0,0,0.0,0,1,1,0.0,1,0,0,160,76.7,0,3,1,1,35.7
54.14,5,48.97,53.35,4,1,0,39.26,1,1,0,0,5.16,3,1,1,536.22,1,1,1,1310,3.38,0,3,1,1,16.98
0.0,0,0.0,65.03,2,1,1,60.65,1,1,1,0,0.0,3,0,1,0.0,1,0,1,792,22.36,1,3,1,1,26.53
0.0,4,0.0,48.65,3,1,0,38.48,1,1,0,0,0.0,3,1,1,0.0,1,1,1,850,39.17,1,3,1,1,24.79
262.17,0,147.45,48.56,3,0,0,34.04,1,1,0,0,114.72,3,0,1,114419.0,0,1,1,649,1.36,0,3,1,1,15.17
0.0,4,0.0,49.54,0,0,0,33.13,1,1,1,0,0.0,0,1,1,0.0,1,0,1,85,3276.09,0,3,1,1,0.0
0.0,4,0.0,76.09,3,0,1,68.53,1,1,0,0,0.0,3,1,1,0.0,1,1,1,1232,27.81,1,3,1,1,21.84
3135.0,0,3080.0,52.73,4,1,1,48.29,1,1,0,0,55.0,3,0,1,5650.0,1,1,1,948,31.31,1,3,1,1,32.54
63.95,5,51.89,56.58,2,0,0,40.08,1,1,0,1,12.05,3,1,1,2.15,0,1,1,797,1.06,0,3,1,1,14.95
0.0,4,0.0,66.18,2,0,1,64.12,1,1,0,0,0.0,3,1,1,0.0,0,1,1,879,299.78,0,3,1,1,17.44
4860.9,4,4745.2,64.86,3,1,1,70.58,1,1,1,0,123.7,3,1,1,13784.5,1,1,1,2003,34.95,1,3,1,1,15.24
0.0,3,0.0,44.37,2,0,0,25.82,0,1,1,0,0.0,3,1,1,0.0,1,0,0,478,315.6,0,3,1,1,14.05
0.0,0,0.0,34.05,1,0,0,1.15,1,1,0,0,0.0,3,0,0,0.0,0,0,1,529,2.39,0,3,1,0,28.5
0.0,4,0.0,65.96,2,1,0,51.37,1,1,0,0,0.0,3,1,1,0.0,0,0,0,508,114.63,1,3,1,1,21.47
0.0,5,0.0,61.37,0,1,1,52.91,1,1,1,1,838.07,3,1,1,24012.8,1,1,1,793,68.03,1,3,1,1,23.78
7.73,8,6.88,54.09,2,1,0,36.24,1,1,0,1,0.85,3,1,0,121.28,0,1,1,962,0.24,0,3,1,1,10.59
0.0,5,0.0,50.54,3,1,1,30.26,1,1,0,1,25.19,3,1,0,0.0,0,1,0,956,3.93,0,3,1,1,22.38
0.0,0,0.0,72.65,2,0,0,65.06,1,1,0,0,0.0,3,0,1,0.0,1,0,0,699,766.84,0,3,1,1,36.87
66.91,3,59.88,60.2,3,1,0,50.56,1,1,0,0,7.03,3,1,1,1396.48,0,0,0,801,9.64,1,3,1,1,13.75
0.0,5,0.0,37.71,0,0,0,0.76,0,1,0,0,0.0,0,1,0,0.0,0,0,1,109,214.52,1,3,1,1,0.0
25.29,4,25.29,57.04,2,1,0,35.52,1,1,1,0,0.0,3,1,1,76.68,0,1,1,700,0.0,0,3,1,1,11.93
21.54,0,18.07,48.71,2,0,0,28.12,1,1,0,0,3.47,3,0,1,0.0,1,1,0,0,3.04,0,3,1,1,12.98
0.0,0,0.0,57.33,0,0,0,47.45,1,1,1,0,0.0,0,0,1,0.0,0,0,1,11,26.28,1,3,1,1,0.0
0.0,0,0.0,39.16,2,0,0,15.13,0,0,0,0,0.0,0,0,0,0.0,0,0,1,86,36.56,0,3,1,1,20.36
63.5,0,61.15,48.92,1,1,0,38.81,0,1,0,0,2.36,3,0,1,60.78,0,0,0,679,11.87,0,3,1,1,15.51
105.11,0,42.29,37.17,2,1,1,12.78,1,0,0,0,62.81,3,0,0,1466.5,1,1,0,807,4.17,0,3,1,1,16.25
299.42,4,0.0,50.68,2,0,0,27.21,0,1,0,0,0.0,3,1,1,0.0,0,1,0,621,33.3,1,2,1,1,14.35
3392.0,5,1665.0,82.01,3,1,0,84.42,1,1,1,0,1727.0,3,1,1,5906.0,1,1,1,944,326.83,0,3,1,1,20.33
0.0,4,0.0,51.1,2,1,0,33.59,1,1,1,0,0.0,3,1,1,0.0,1,1,0,382,18.53,1,3,1,1,11.24
43044.4,0,17.2,64.51,2,0,0,64.84,1,1,0,0,43027.2,3,0,1,2392.32,1,1,0,899,2969.73,0,3,1,1,27.53
294.3,3,251.58,58.6,3,1,1,50.02,1,1,0,0,42.72,3,1,1,16557.6,1,0,1,1180,7.79,1,3,1,1,16.95
0.0,0,0.0,54.67,2,0,1,43.19,1,1,0,0,0.0,0,0,1,0.0,0,0,0,138,20.93,1,2,1,1,15.75
0.0,6,0.0,62.8,2,1,0,46.96,0,1,0,1,0.0,3,1,0,0.0,0,0,0,744,348.44,0,3,1,1,22.73
0.0,4,0.0,52.43,2,0,1,24.71,1,0,0,0,0.0,3,1,1,0.0,1,0,0,814,5.22,0,3,1,1,24.39
735.03,6,475.71,62.49,2,0,0,51.1,1,1,1,0,259.32,3,1,1,0.0,1,1,1,206,24.27,0,3,1,1,27.4
0.0,3,0.0,46.36,0,0,0,18.03,1,1,0,0,0.0,0,1,1,0.0,1,0,0,55,2241.18,0,3,1,1,0.0
384.21,0,206.88,46.46,2,0,0,13.83,1,1,0,0,177.34,0,0,1,0.0,0,0,0,131,81.91,0,3,0,1,33.04
36557.4,4,0.0,55.64,2,1,0,45.55,1,1,1,0,0.0,3,1,1,0.0,1,1,0,268,1595.13,1,3,1,1,31.62
10200.0,7,5400.0,55.94,2,0,0,55.87,1,1,0,0,4800.0,3,1,1,8700.0,1,1,0,632,329.24,0,3,1,1,32.28
108.31,5,105.62,66.62,2,0,1,65.78,1,1,0,0,2.69,3,1,1,2073.87,0,0,1,1512,6.03,1,3,1,1,13.45
0.0,5,0.0,32.79,1,0,0,0.0,0,0,0,0,0.0,3,1,0,0.0,0,0,0,577,4.19,0,1,1,0,20.75
0.0,3,0.0,64.57,2,1,0,57.87,1,1,0,0,0.0,3,1,1,0.0,1,1,1,418,1292.24,0,3,1,1,43.23
0.0,4,0.0,46.71,0,0,0,19.61,1,1,0,0,0.0,0,1,1,0.0,0,0,0,79,41.58,0,3,1,1,0.0
0.0,0,0.0,39.92,0,1,0,15.95,1,1,0,1,0.0,0,0,0,0.0,0,1,1,74,945.42,1,3,1,1,0.0
0.0,0,0.0,32.48,1,0,0,1.9,1,1,0,0,0.0,0,0,0,0.0,0,0,0,111,4.46,0,2,1,1,28.56
0.0,4,0.0,39.44,2,0,0,16.79,0,1,0,0,0.0,0,1,1,0.0,1,0,1,60,1033.38,0,3,1,1,40.43
0.0,0,0.0,46.75,1,0,1,25.37,0,1,0,0,0.0,3,0,0,0.0,0,1,0,713,5.08,1,3,1,1,18.18
0.0,0,0.0,63.78,1,0,0,57.81,1,1,0,0,0.0,3,1,1,0.0,1,0,0,685,621.79,0,3,1,1,23.98
0.0,4,0.0,53.63,2,0,1,44.13,1,1,0,0,0.0,3,1,1,0.0,1,0,1,953,16.76,0,3,1,1,13.92
0.0,3,0.0,33.88,1,0,0,0.76,0,0,0,0,0.0,3,1,0,0.0,0,0,0,591,37.16,0,3,1,1,13.03
129.47,0,68.45,67.8,3,0,0,58.2,1,1,0,0,61.02,0,0,1,138.41,0,0,0,96,19.17,1,3,1,1,19.83
213.2,4,76.9,52.31,1,0,0,42.98,1,1,0,0,136.29,3,1,1,0.0,0,0,0,707,17.56,1,3,1,1,21.61
0.0,4,0.0,54.22,2,0,0,34.73,1,1,0,0,0.0,0,1,1,0.0,1,0,1,74,1071.84,0,3,1,1,32.49
0.0,0,0.0,41.91,0,0,0,18.76,1,1,0,0,0.0,0,0,1,0.0,0,0,0,95,4.27,0,3,1,1,0.0
3890.86,0,1381.56,81.39,1,1,1,84.93,1,1,1,1,2509.31,3,0,1,2939.14,1,0,0,834,539.18,0,3,1,1,15.34
0.0,0,0.0,45.2,3,1,0,31.86,0,1,0,0,0.0,3,0,1,0.0,0,0,0,644,12.64,0,3,1,1,27.77
3010.0,0,1060.0,67.58,1,0,0,69.59,1,1,0,0,1950.0,3,0,1,2480.0,1,0,0,533,458.54,1,2,1,1,16.66
0.0,0,0.0,46.78,2,0,0,23.71,1,1,0,0,0.0,3,0,1,0.0,0,0,0,580,57.76,0,3,1,1,29.2
0.0,4,0.0,39.97,0,0,0,15.61,0,1,0,0,0.0,0,1,0,0.0,0,0,0,113,4.65,1,3,1,1,0.0
27.6,4,25.0,51.64,2,1,1,35.64,1,1,0,0,2.6,3,1,1,10.1,0,1,1,1130,2.95,0,3,1,1,15.99
0.0,3,0.0,39.05,0,0,0,15.95,0,1,0,0,0.0,0,1,0,0.0,0,0,0,76,334.99,0,3,1,1,0.0
0.0,3,0.0,36.31,2,0,0,2.27,1,0,0,0,0.0,0,1,1,0.0,0,0,0,64,13.67,0,3,1,1,12.3
5413.0,4,1813.0,63.19,3,0,1,51.19,1,1,0,0,3600.0,3,1,1,0.0,1,1,0,1178,80.28,1,3,1,1,15.94
813.57,6,149.9,46.98,2,0,1,28.75,1,1,0,0,663.67,0,1,1,0.0,0,0,0,77,39.93,1,3,1,1,17.41
1172.0,4,0.0,61.31,3,1,1,60.83,1,1,0,1,0.0,3,1,1,0.0,1,1,1,976,16.98,1,3,1,1,25.34
0.0,6,0.0,67.43,5,0,0,73.97,1,1,0,0,0.0,3,1,1,0.0,1,0,1,182,317.64,0,3,1,1,35.26
670.14,5,361.32,74.04,3,1,1,70.07,1,1,0,0,308.82,3,1,1,3748.48,1,1,0,269,25.13,1,3,1,1,23.79
34800.0,10,4500.0,56.36,3,0,0,40.77,1,1,0,0,30300.0,3,1,1,350000.0,1,0,1,588,367.63,0,3,1,1,29.35
0.0,2,0.0,33.88,0,0,0,3.59,1,1,0,0,0.0,0,1,1,0.0,1,0,1,0,534.27,0,3,0,1,0.0
161.52,0,133.72,57.72,3,0,1,36.21,1,1,0,1,27.8,3,0,1,4.9,0,0,1,924,9.66,0,3,0,1,22.34
107.33,0,71.43,56.97,2,0,1,52.88,0,1,0,0,35.9,0,0,1,0.0,1,0,0,115,15.42,0,3,1,1,11.1
0.0,0,0.0,46.17,2,0,0,27.27,1,1,1,0,0.0,0,0,1,0.0,0,0,0,61,144.99,1,3,1,1,42.65
840.0,6,450.0,61.34,1,0,1,58.53,1,1,1,0,390.0,3,1,1,0.0,0,0,0,780,58.87,1,3,1,1,24.33
26635.9,3,199.84,61.3,2,0,0,60.86,1,1,1,0,26436.0,3,1,1,3793.19,1,1,0,276,5424.03,0,3,1,1,33.84
27.76,6,23.74,49.95,1,0,0,34.73,1,1,1,0,4.02,3,1,1,0.0,0,1,0,654,2.29,0,3,1,1,17.22
0.0,6,0.0,61.75,3,0,1,61.4,1,1,0,0,0.0,3,1,1,0.0,1,0,0,1254,71.7,1,3,1,1,26.61
0.0,3,0.0,38.66,1,0,0,1.9,1,1,0,0,0.0,3,1,0,0.0,0,0,0,790,4.7,0,3,1,1,20.87
47.99,3,36.61,56.43,1,0,0,35.31,1,1,0,1,11.38,3,1,1,381.99,0,1,1,948,0.8,0,3,1,1,16.21
0.0,0,0.0,69.28,2,0,0,69.65,1,1,0,0,0.0,3,0,1,0.0,1,1,0,546,974.38,0,3,1,1,28.46
0.0,4,0.0,44.53,2,0,0,21.47,0,0,0,0,0.0,3,1,0,0.0,0,0,0,613,3.36,0,3,1,0,20.87
80.89,3,51.8,54.55,3,1,1,30.44,1,1,1,0,29.09,0,1,1,0.0,1,1,0,265,8.6,1,3,1,1,15.58
0.0,4,0.0,71.59,4,1,0,70.13,1,1,0,0,106.66,3,1,1,3649.5,0,1,1,966,0.0,0,3,1,1,16.59
0.0,4,0.0,38.76,2,0,0,1.9,0,1,0,0,0.0,3,1,0,0.0,0,0,0,498,62.96,0,3,1,1,35.02
345.15,4,106.24,50.07,3,0,1,27.88,1,1,0,0,238.91,3,1,1,24827.2,0,0,1,1009,37.68,1,3,1,1,20.9
76.53,0,60.97,52.12,2,0,0,44.55,0,0,0,0,15.57,0,0,1,257.16,1,0,0,91,6.42,1,3,1,1,25.29
0.0,4,0.0,39.18,0,0,0,15.95,0,1,0,0,0.0,0,1,0,0.0,0,0,0,6,73.91,0,3,1,1,0.0
92.54,0,77.85,58.45,2,1,1,59.53,1,1,1,0,14.68,0,0,1,1144.03,1,1,1,250,14.87,1,3,1,1,13.18
0.0,0,0.0,39.57,2,0,0,15.95,1,1,0,1,0.0,3,0,0,0.0,0,0,0,590,3.46,0,3,1,1,23.99
1446.72,6,934.34,46.64,3,0,1,36.21,1,1,1,0,512.38,3,1,1,60.28,0,0,1,333,26.46,0,3,1,1,34.98
0.0,5,0.0,59.6,2,0,1,54.49,1,1,0,0,0.0,3,1,1,0.0,1,0,1,934,9.62,0,3,1,1,18.15
0.0,5,0.0,57.92,2,1,0,47.21,1,1,0,0,0.0,3,1,1,0.0,1,0,0,868,13.34,0,3,1,1,15.6
0.0,0,0.0,33.82,0,0,0,2.42,1,1,0,1,0.0,0,0,1,0.0,0,1,0,183,3.1,0,3,1,1,22.48
280.0,0,100.0,36.43,0,0,0,4.41,0,1,0,0,180.0,0,0,0,0.0,0,0,0,181,23.4,0,0,1,1,18.47
13862.1,5,218.29,68.99,3,1,0,58.65,1,1,0,0,13643.8,3,1,0,3472.26,1,0,0,803,1445.28,0,3,1,1,21.33
280.8,4,248.95,49.77,0,0,1,32.59,1,1,0,0,1.55,0,1,0,127.2,0,0,1,46,15.27,0,3,1,1,0.0
0.0,0,0.0,35.22,0,0,0,0.76,0,0,0,0,0.0,0,0,0,0.0,0,0,0,42,17.14,0,3,1,1,26.76
109.7,4,91.05,46.0,2,0,0,33.98,0,1,0,0,18.65,3,1,1,0.0,1,1,0,986,18.65,0,3,1,1,19.68
0.0,0,0.0,42.78,0,0,0,19.9,1,1,0,0,0.0,3,0,1,0.0,0,0,0,932,9.65,0,3,1,1,22.9
226.71,0,205.9,45.67,2,0,0,25.37,1,1,0,0,20.82,3,0,0,57.53,0,0,1,608,16.77,0,3,1,1,15.93
0.0,0,0.0,40.06,1,0,0,16.46,0,1,0,0,0.0,3,0,1,0.0,0,0,0,284,129.61,1,3,1,1,41.44
0.0,5,0.0,45.98,2,0,0,31.11,1,1,0,0,0.0,0,1,1,0.0,0,0,0,185,91.44,0,3,1,1,16.09
13.22,0,12.42,58.07,1,1,0,36.12,1,0,0,0,0.8,3,1,0,215.64,1,1,0,1237,1.88,0,3,1,1,14.31
293.0,3,292.0,48.18,2,1,1,31.35,1,1,0,0,1.0,3,1,1,865.0,0,0,1,1254,12.93,0,3,1,1,13.18
0.0,0,0.0,42.98,0,0,0,28.75,1,1,0,0,0.0,0,0,1,0.0,0,1,0,66,54.2,0,1,1,1,0.0
0.0,5,0.0,46.37,0,0,0,19.09,1,1,0,0,0.0,0,1,0,0.0,0,0,0,83,2.29,0,5,1,1,22.17
0.0,0,0.0,25.43,3,0,0,0.0,0,0,0,0,0.0,0,0,0,0.0,0,0,0,28,128.87,0,2,1,0,51.46
0.0,0,0.0,32.07,0,0,0,0.0,0,0,0,0,0.0,0,0,0,0.0,0,0,0,124,40.16,0,3,1,0,0.0
7176.0,6,376.0,74.4,3,0,1,68.74,1,1,1,1,6800.0,3,1,1,66200.0,1,1,0,680,657.28,0,3,1,1,24.72
621.27,4,266.87,58.11,2,0,1,50.35,1,1,0,0,354.4,3,1,1,6.2,0,0,0,793,36.68,1,3,1,1,28.63
0.0,0,0.0,31.92,0,0,0,0.42,0,0,0,0,0.0,0,0,0,0.0,0,0,0,59,9.7,0,3,1,1,0.0
0.0,5,0.0,32.39,0,0,0,1.57,0,1,0,0,0.0,0,1,0,0.0,0,0,0,59,8.98,0,1,1,1,0.0
0.0,5,0.0,60.9,2,0,1,54.42,1,1,0,1,0.0,3,1,1,0.0,1,1,0,307,4211.12,0,3,1,1,33.09
16386.0,0,34.98,59.25,2,0,0,40.41,1,1,0,0,16351.1,3,0,0,143.8,0,1,1,400,1222.08,0,3,1,1,32.39
0.0,0,0.0,37.79,0,0,0,14.86,0,1,0,0,0.0,0,0,0,0.0,0,0,0,97,44.67,1,3,1,0,0.0
0.0,3,0.0,48.87,0,0,0,32.17,1,1,0,0,0.0,0,1,1,0.0,1,0,0,182,39.33,1,3,1,1,0.0
0.0,5,0.0,56.59,1,0,0,46.54,1,1,0,0,0.0,3,1,1,0.0,0,1,0,664,24.73,1,3,1,1,25.75
1295.5,6,923.48,52.14,3,1,1,38.48,1,1,0,0,372.02,3,1,1,13859.1,1,1,0,909,53.04,1,3,1,1,24.83
63.7,0,56.99,51.37,2,0,0,34.82,1,1,1,1,6.71,3,0,1,11.06,0,0,0,854,6.24,0,3,1,1,22.27
0.0,0,0.0,60.19,1,0,0,70.82,1,1,0,0,0.0,3,0,1,0.0,0,0,0,688,412.83,0,0,1,1,32.21
0.0,0,0.0,31.26,0,0,0,0.0,0,0,0,0,0.0,3,0,0,0.0,0,0,0,66,13.39,0,3,1,0,0.0
0.0,5,0.0,45.76,3,1,0,16.79,0,1,0,0,0.0,3,1,1,0.0,0,0,0,675,29.94,1,3,1,1,28.52
8.59,4,8.34,42.92,2,0,0,11.78,1,1,0,0,0.24,3,1,1,10.07,0,0,0,712,0.64,0,3,1,1,17.22
0.0,5,0.0,54.85,2,0,1,46.63,0,1,0,0,0.0,3,1,1,0.0,1,0,1,606,30.13,0,3,1,1,12.06
0.0,0,0.0,46.01,1,0,0,14.32,1,1,0,1,0.0,3,0,1,0.0,0,1,0,841,3.51,0,3,1,1,17.05
0.0,4,0.0,49.32,2,0,0,43.34,1,1,0,0,0.0,3,1,1,0.0,1,0,0,237,1243.26,0,3,1,1,33.98
2192.08,0,1492.21,59.76,3,1,1,47.72,1,1,0,0,699.88,3,0,1,64789.0,1,1,1,1113,26.49,1,3,1,1,14.72
0.0,3,0.0,53.25,0,0,0,31.5,1,1,0,0,0.0,0,1,1,0.0,1,0,0,142,4.68,0,3,1,1,0.0
0.0,0,0.0,32.73,2,0,0,0.0,0,0,0,0,0.0,0,0,0,0.0,0,1,0,110,10.01,0,3,1,0,11.48
0.0,4,0.0,44.69,3,0,0,15.61,0,1,0,0,0.0,0,1,0,0.0,0,0,0,103,39.34,0,3,1,1,35.19
0.0,0,0.0,52.83,0,0,0,32.59,1,1,0,0,0.0,0,0,1,0.0,0,0,0,54,75.6,0,3,1,1,0.0
588.0,0,403.0,48.89,3,1,1,34.88,1,1,0,0,185.0,3,0,1,1954.0,1,0,1,1128,12.87,0,3,1,1,28.54
2302.78,0,1262.33,69.93,2,0,0,62.7,1,1,0,0,1040.45,3,0,1,2.12,1,0,0,1300,147.83,1,3,1,1,19.93
0.0,5,0.0,47.95,2,0,0,32.35,0,1,0,0,0.0,3,1,1,0.0,0,1,0,241,43.36,0,3,1,1,33.81
663.4,4,365.36,55.13,3,1,0,37.84,1,1,0,1,298.0,3,1,1,11232.1,0,1,1,1372,19.92,1,3,1,1,13.52
0.0,3,0.0,50.11,0,0,0,34.43,1,1,0,0,0.0,0,1,0,0.0,0,1,0,122,24.05,0,3,1,1,29.21
642.04,5,537.04,54.56,2,0,1,37.93,1,1,0,0,105.0,3,1,1,41.0,0,0,0,943,17.91,1,3,1,1,14.43
0.0,0,0.0,41.19,2,0,0,15.95,1,1,0,0,0.0,0,1,1,0.0,0,0,0,112,4.34,0,3,1,1,22.59
0.0,4,0.0,56.0,2,0,0,32.44,1,1,0,0,0.0,3,1,1,0.0,0,1,0,922,24.57,1,3,1,1,13.76
33.5,0,20.7,49.93,1,0,0,24.22,1,0,0,1,12.8,3,0,1,4.48,0,1,0,847,1.13,0,3,1,1,20.52
252.13,5,223.54,58.38,2,0,0,31.11,1,1,0,1,28.59,3,1,1,101.19,0,1,1,832,12.87,0,3,1,1,18.16
5790.0,4,1960.0,63.08,4,1,0,56.21,0,1,0,0,3830.0,3,1,1,0.0,1,1,0,535,146.43,1,3,1,1,36.67
0.0,4,0.0,46.93,3,0,1,29.78,1,0,1,1,0.0,3,1,0,0.0,0,1,0,723,11.37,0,3,0,1,30.05
146.04,5,145.31,49.37,4,1,1,31.35,1,1,1,0,0.74,3,1,1,11271.5,0,1,1,530,9.85,1,3,1,1,29.23
0.0,3,0.0,55.74,2,0,0,41.71,1,0,1,0,0.0,3,1,1,0.0,1,0,0,479,245.07,0,3,1,1,34.0
114.43,5,107.61,38.17,2,0,0,6.34,0,1,0,0,6.82,3,1,1,2251.49,0,0,0,645,18.74,1,3,1,1,15.46
0.0,5,0.0,51.63,2,1,0,36.42,1,1,0,0,0.0,3,1,1,0.0,1,0,0,960,526.61,0,3,1,1,25.26
0.0,5,0.0,49.12,2,0,0,36.67,1,1,1,0,0.0,0,1,0,0.0,0,1,0,154,1166.03,1,3,1,1,30.1
0.0,4,0.0,45.39,0,1,1,28.78,1,1,0,0,0.0,0,1,1,0.0,1,0,0,110,40.43,1,3,1,1,0.0
0.0,6,0.0,49.78,1,0,0,47.36,1,1,0,0,0.0,3,1,1,0.0,0,0,1,804,51.12,0,3,1,1,18.45
31650.0,5,2640.0,59.34,3,0,0,62.07,1,1,0,0,29010.0,0,1,1,0.0,1,1,0,56,1838.32,0,3,1,1,34.79
420.01,3,322.47,54.05,3,1,1,41.74,1,1,0,0,97.54,3,1,1,88.46,1,1,1,1237,1.72,1,3,1,1,17.54
125.15,5,30.27,60.54,2,1,0,49.17,1,1,0,0,94.88,0,1,1,10120.5,0,1,0,86,15.46,1,3,1,1,19.29
0.0,0,0.0,33.2,3,0,0,1.57,0,1,0,0,0.0,3,0,0,0.0,0,0,1,380,57.44,0,3,1,1,32.9
17.39,4,9.37,48.77,1,0,0,17.49,1,1,1,1,8.02,0,1,1,9.12,0,0,0,160,1.71,0,3,1,1,20.03
0.0,0,0.0,63.44,2,0,1,57.41,1,1,0,0,0.0,3,0,1,0.0,1,0,0,932,295.07,1,3,0,1,19.5
708.69,3,177.15,41.69,1,0,0,32.26,1,1,0,0,531.54,0,1,1,0.0,1,0,1,126,28.3,1,3,1,1,13.37
0.0,4,0.0,55.21,2,0,0,21.29,1,1,0,0,0.0,3,1,1,0.0,1,1,1,680,462.79,0,3,1,1,30.05
84.33,4,20.66,51.35,0,0,0,20.84,1,1,0,0,63.67,3,1,0,0.0,0,0,0,56,14.5,1,3,1,1,0.0
0.0,4,0.0,57.84,3,1,1,35.03,1,1,0,1,0.0,3,1,1,0.0,0,1,1,1111,37.49,0,3,1,1,18.48
13.29,4,7.16,49.46,2,0,0,28.9,1,1,0,0,6.13,3,1,1,0.0,0,0,0,1101,9.35,0,3,1,1,23.07
0.0,7,0.0,48.84,2,1,1,26.37,1,1,0,1,0.0,3,1,1,0.0,1,1,1,1019,6.59,0,3,1,1,12.89
0.0,3,0.0,0.0,0,0,0,0.0,0,0,0,0,0.0,0,1,0,0.0,0,0,0,20,0.0,0,3,1,0,0.0
770.8,0,415.8,58.19,4,0,0,49.17,1,1,0,0,355.0,3,0,1,0.0,0,0,1,463,45.72,1,3,1,1,29.56
0.0,6,0.0,55.51,3,1,1,44.91,1,1,0,1,0.0,3,1,1,0.0,0,1,1,1522,3.32,0,3,1,1,16.07
998992.6,3,242.97,59.04,2,1,0,53.85,1,1,0,0,98749.6,3,1,1,2386.62,1,1,0,164,9652.77,1,3,1,1,34.82
0.0,0,0.0,50.09,1,0,0,34.94,0,1,0,0,0.0,0,0,1,0.0,0,1,0,286,2.38,0,3,1,1,24.86
0.0,0,0.0,37.39,1,0,0,7.85,1,1,0,1,0.0,3,1,1,0.0,1,0,0,502,0.64,0,3,1,1,21.95
105.22,11,73.39,57.05,1,1,0,39.02,1,1,1,0,31.82,3,1,1,0.0,0,1,0,913,9.52,1,3,1,1,14.6
1649.0,5,1324.0,61.17,3,0,0,42.4,1,1,0,0,325.0,3,1,1,0.0,1,1,1,654,14.81,1,3,1,1,18.29
18268.3,3,11031.8,52.38,4,1,1,35.1,1,1,0,0,7236.5,1,1,1,171269.0,1,1,0,621,40.04,1,3,1,1,24.63
1179.2,3,675.98,51.15,2,0,1,34.07,1,1,1,0,503.22,3,1,1,0.0,1,1,0,1164,20.81,1,3,1,1,14.88
0.0,0,0.0,69.12,2,0,1,56.87,1,1,0,0,0.0,3,0,1,0.0,1,0,0,1054,1176.95,0,3,1,1,16.73
0.0,0,0.0,33.41,2,0,0,0.33,0,0,0,0,0.0,3,0,0,0.0,0,0,0,369,5.65,0,3,1,0,29.2
0.0,0,0.0,69.11,1,1,0,65.75,1,1,0,1,0.0,3,0,1,0.0,1,1,1,301,3031.28,0,3,1,1,27.52
0.0,3,0.0,63.94,5,0,1,42.1,1,1,0,1,0.0,3,1,1,0.0,0,0,1,530,10.72,0,3,1,1,32.84
0.0,4,0.0,41.21,0,0,0,15.61,0,1,0,0,0.0,0,1,0,0.0,0,0,0,117,4.89,0,3,1,1,22.15
976.03,3,929.88,58.98,1,1,0,48.08,1,1,0,0,46.15,3,1,0,0.76,0,0,0,717,56.87,1,3,1,1,11.43
0.0,6,0.0,45.32,1,0,0,20.51,1,1,0,0,0.0,3,1,1,0.0,0,0,0,574,27.32,0,3,1,1,23.25
0.0,5,0.0,66.86,1,0,0,66.23,1,1,0,0,0.0,3,1,1,0.0,1,0,0,663,645.43,1,3,1,1,20.68
930.0,4,550.0,66.45,2,1,0,65.09,1,1,0,0,380.0,3,1,1,6500.0,1,0,0,786,107.36,0,3,1,1,17.56
610.72,0,438.33,58.96,2,1,0,53.91,1,1,0,0,172.39,3,0,1,62000.0,1,1,1,576,32.71,1,3,1,1,15.8
11920.0,5,1660.0,66.42,2,0,0,51.92,1,1,0,0,10260.0,3,1,1,20506.5,1,1,0,674,1320.91,0,3,0,1,23.5
0.0,3,0.0,52.56,2,0,0,41.86,1,1,0,0,0.0,0,1,1,0.0,0,0,0,222,15.15,1,3,1,1,11.63
0.0,4,0.0,34.61,0,0,0,5.59,1,1,0,0,0.0,0,1,1,0.0,0,0,1,92,4.66,0,0,1,1,0.0
40.2,6,700.0,70.23,2,0,1,57.9,1,1,1,0,39500.0,3,1,1,0.0,1,1,0,373,3524.73,0,3,1,1,23.7
0.0,4,0.0,66.7,2,0,1,75.6,1,1,0,0,0.0,0,1,1,0.0,0,1,1,159,15.14,1,3,1,1,16.89
1444.7,3,43.7,50.43,3,0,0,38.66,1,1,0,0,1401.01,0,1,1,917.06,0,1,0,135,132.85,1,3,1,1,25.74
156.63,0,117.62,62.03,2,1,1,47.84,1,1,1,0,39.01,3,0,1,35134.5,0,1,0,608,27.13,1,3,1,1,20.55
2317.74,4,2158.86,51.99,2,1,1,27.33,1,1,0,0,158.89,3,1,1,8446.96,1,1,0,566,277.02,1,3,1,1,20.21
50.99,4,0.0,44.43,2,1,0,17.64,1,1,0,0,0.0,3,1,1,0.0,1,0,0,569,7.66,0,3,1,1,27.3
0.0,5,0.0,49.95,1,0,1,35.73,0,1,0,0,0.0,3,1,1,0.0,0,0,0,1118,45.23,1,3,1,1,18.47
